Workbook

Sheet 判定条件
B1: 室外機の稼働状況による、分析に使える日・時間帯の判定
B2: 対象：2026/7/29〜10/13（1分値）。芋緑化ありの室外機と、同じ区画の芋緑化なし（OACP-3）の室外機を1組とし、2台とも運転している時間だけを「利用可」とする。黄色のセルを変えると、すべての判定が更新される。
B4: 段階 | C4: 値 | D4: 内容
B5: ① 1分ごとの運転判定（Pythonで計算） | C5: 1.0℃以上 | D5: 排気温度 − 吸気温度（3方位の平均）の10分の移動中央値がこの値以上なら「運転中」。停止中は約0℃、運転中は2〜10℃に分かれ、その谷が1℃付近にある。11-3は北側を除く2方位。3-1北側吸気は異常期間を除く（「データの不具合」）
B6: ② 1時間の判定に必要な有効データ［分］ | C6: 48 | D6: 1時間のうち、①の判定ができた分がこれ未満なら「判定不能」（これまでの1時間平均の基準と同じ）
B7: ③ 室外機が「運転」とみなす割合 | C7: 0.8 | D7: 有効な分のうち、運転中の分がこの割合以上なら「運転」
B8: ④ 室外機が「停止」とみなす割合 | C8: 0.2 | D8: 運転中の分がこの割合以下なら「停止」。③と④の間は「断続」（1時間の中で運転と停止を繰り返す）
B9: ⑤ 組が「利用可」となる、2台とも運転中の分数［分］ | C9: 30 | D9: その1時間に、2台とも運転中の分がこれ以上あれば「利用可」。吸気温度差はこの「2台とも運転中」の分だけで平均する
B10: ⑥ 日中の始まり［時台］ | C10: 9 | D10: 日ごとの判定で数える時間帯の始まり（これまでの「日中」と同じ9時台）
B11: ⑦ 日中の終わり［時台］ | C11: 17 | D11: 日ごとの判定で数える時間帯の終わり（17時台＝18時まで）
B12: ⑧ 日として使うのに必要な利用可の時間数 | C12: 7 | D12: ⑥〜⑦の9時間のうち、利用可がこの時間数以上ある日を「利用可」の日とする（これまでの「9時間中7時間以上」と同じ）
B14: 判定の名前
B15: 利用可 | D15: 2台とも運転中の分が⑤以上。分析に使う
B16: 両方停止 | D16: 2台とも停止。運転中の比較には使わない（夜間・休日など）
B17: 運転がそろわない | D17: 片方だけ運転、または断続で2台とも運転中の分が⑤未満。使わない
B18: 判定不能 | D18: 排気温度・吸気温度が欠けていて運転状態がわからない。使わない
B20: 結果のまとめ（7/30〜10/13、日中）
B21: 組 | C21: 利用可の時間数 | D21: 利用可の日数（⑧を満たす日）
B22: 8-1と3-1 | C22: =COUNTIFS(時間ごとの判定!$A$3:$A$1850,">="&DATE(2026,7,30),時間ごとの判定!$B$3:$B$1850,">="&判定条件!$C$10,時間ごとの判定!$B$3:$B$1850,"<="&判定条件!$C$11,時間ごとの判定!$AH$3:$AH$1850,"利用可") -> 411 | D22: =COUNTIFS(日ごとの判定!$E$4:$E$79,"利用可") -> 40
B23: 8-2と3-2 | C23: =COUNTIFS(時間ごとの判定!$A$3:$A$1850,">="&DATE(2026,7,30),時間ごとの判定!$B$3:$B$1850,">="&判定条件!$C$10,時間ごとの判定!$B$3:$B$1850,"<="&判定条件!$C$11,時間ごとの判定!$AK$3:$AK$1850,"利用可") -> 211 | D23: =COUNTIFS(日ごとの判定!$G$4:$G$79,"利用可") -> 15
B24: 8-3と3-3 | C24: =COUNTIFS(時間ごとの判定!$A$3:$A$1850,">="&DATE(2026,7,30),時間ごとの判定!$B$3:$B$1850,">="&判定条件!$C$10,時間ごとの判定!$B$3:$B$1850,"<="&判定条件!$C$11,時間ごとの判定!$AN$3:$AN$1850,"利用可") -> 445 | D24: =COUNTIFS(日ごとの判定!$I$4:$I$79,"利用可") -> 41
B25: 11-1と3-1 | C25: =COUNTIFS(時間ごとの判定!$A$3:$A$1850,">="&DATE(2026,7,30),時間ごとの判定!$B$3:$B$1850,">="&判定条件!$C$10,時間ごとの判定!$B$3:$B$1850,"<="&判定条件!$C$11,時間ごとの判定!$AQ$3:$AQ$1850,"利用可") -> 400 | D25: =COUNTIFS(日ごとの判定!$K$4:$K$79,"利用可") -> 41
B26: 11-2と3-2 | C26: =COUNTIFS(時間ごとの判定!$A$3:$A$1850,">="&DATE(2026,7,30),時間ごとの判定!$B$3:$B$1850,">="&判定条件!$C$10,時間ごとの判定!$B$3:$B$1850,"<="&判定条件!$C$11,時間ごとの判定!$AT$3:$AT$1850,"利用可") -> 338 | D26: =COUNTIFS(日ごとの判定!$M$4:$M$79,"利用可") -> 31
B27: 11-3と3-3 | C27: =COUNTIFS(時間ごとの判定!$A$3:$A$1850,">="&DATE(2026,7,30),時間ごとの判定!$B$3:$B$1850,">="&判定条件!$C$10,時間ごとの判定!$B$3:$B$1850,"<="&判定条件!$C$11,時間ごとの判定!$AW$3:$AW$1850,"利用可") -> 473 | D27: =COUNTIFS(日ごとの判定!$O$4:$O$79,"利用可") -> 50
B28: 列8（3区画とも利用可の日） | C28: =COUNTIFS(時間ごとの判定!$A$3:$A$1850,">="&DATE(2026,7,30),時間ごとの判定!$B$3:$B$1850,">="&判定条件!$C$10,時間ごとの判定!$B$3:$B$1850,"<="&判定条件!$C$11,時間ごとの判定!$AX$3:$AX$1850,"利用可") -> 153 | D28: =COUNTIFS(日ごとの判定!$P$4:$P$79,"利用可") -> 13
B29: 列11（3区画とも利用可の日） | C29: =COUNTIFS(時間ごとの判定!$A$3:$A$1850,">="&DATE(2026,7,30),時間ごとの判定!$B$3:$B$1850,">="&判定条件!$C$10,時間ごとの判定!$B$3:$B$1850,"<="&判定条件!$C$11,時間ごとの判定!$AY$3:$AY$1850,"利用可") -> 301 | D29: =COUNTIFS(日ごとの判定!$Q$4:$Q$79,"利用可") -> 28
B30: 7/29は設置当日のため数えない。列8・列11の時間数は、その1時間に3組とも利用可の時間

Sheet 日ごとの判定
A1: 日付 | B1: 曜日 | C1: 区分 | D1: 8-1と3-1 | F1: 8-2と3-2 | H1: 8-3と3-3 | J1: 11-1と3-1 | L1: 11-2と3-2 | N1: 11-3と3-3 | P1: 列8（3区画とも利用可の日） | Q1: 列11（3区画とも利用可の日） | R1: 備考（データの欠け）
D2: 日中の利用可［時間］ | E2: 日の判定 | F2: 日中の利用可［時間］ | G2: 日の判定 | H2: 日中の利用可［時間］ | I2: 日の判定 | J2: 日中の利用可［時間］ | K2: 日の判定 | L2: 日中の利用可［時間］ | M2: 日の判定 | N2: 日中の利用可［時間］ | O2: 日の判定
A3: 46232 | B3: 水 | C3: 平日 | D3: =COUNTIFS(時間ごとの判定!$A$3:$A$1850,$A3,時間ごとの判定!$B$3:$B$1850,">="&判定条件!$C$10,時間ごとの判定!$B$3:$B$1850,"<="&判定条件!$C$11,時間ごとの判定!$AH$3:$AH$1850,"利用可") -> 0 | E3: =IF(D3>=判定条件!$C$12,"利用可","不可") -> 不可 | F3: =COUNTIFS(時間ごとの判定!$A$3:$A$1850,$A3,時間ごとの判定!$B$3:$B$1850,">="&判定条件!$C$10,時間ごとの判定!$B$3:$B$1850,"<="&判定条件!$C$11,時間ごとの判定!$AK$3:$AK$1850,"利用可") -> 1 | G3: =IF(F3>=判定条件!$C$12,"利用可","不可") -> 不可 | H3: =COUNTIFS(時間ごとの判定!$A$3:$A$1850,$A3,時間ごとの判定!$B$3:$B$1850,">="&判定条件!$C$10,時間ごとの判定!$B$3:$B$1850,"<="&判定条件!$C$11,時間ごとの判定!$AN$3:$AN$1850,"利用可") -> 1 | I3: =IF(H3>=判定条件!$C$12,"利用可","不可") -> 不可 | J3: =COUNTIFS(時間ごとの判定!$A$3:$A$1850,$A3,時間ごとの判定!$B$3:$B$1850,">="&判定条件!$C$10,時間ごとの判定!$B$3:$B$1850,"<="&判定条件!$C$11,時間ごとの判定!$AQ$3:$AQ$1850,"利用可") -> 0 | K3: =IF(J3>=判定条件!$C$12,"利用可","不可") -> 不可 | L3: =COUNTIFS(時間ごとの判定!$A$3:$A$1850,$A3,時間ごとの判定!$B$3:$B$1850,">="&判定条件!$C$10,時間ごとの判定!$B$3:$B$1850,"<="&判定条件!$C$11,時間ごとの判定!$AT$3:$AT$1850,"利用可") -> 1 | M3: =IF(L3>=判定条件!$C$12,"利用可","不可") -> 不可 | N3: =COUNTIFS(時間ごとの判定!$A$3:$A$1850,$A3,時間ごとの判定!$B$3:$B$1850,">="&判定条件!$C$10,時間ごとの判定!$B$3:$B$1850,"<="&判定条件!$C$11,時間ごとの判定!$AW$3:$AW$1850,"利用可") -> 1 | O3: =IF(N3>=判定条件!$C$12,"利用可","不可") -> 不可 | P3: =IF(AND(E3="利用可",G3="利用可",I3="利用可"),"利用可","不可") -> 不可 | Q3: =IF(AND(K3="利用可",M3="利用可",O3="利用可"),"利用可","不可") -> 不可 | R3: 設置当日（16:14から記録）。使わない
A4: 46233 | B4: 木 | C4: 平日 | D4: =COUNTIFS(時間ごとの判定!$A$3:$A$1850,$A4,時間ごとの判定!$B$3:$B$1850,">="&判定条件!$C$10,時間ごとの判定!$B$3:$B$1850,"<="&判定条件!$C$11,時間ごとの判定!$AH$3:$AH$1850,"利用可") -> 9 | E4: =IF(D4>=判定条件!$C$12,"利用可","不可") -> 利用可 | F4: =COUNTIFS(時間ごとの判定!$A$3:$A$1850,$A4,時間ごとの判定!$B$3:$B$1850,">="&判定条件!$C$10,時間ごとの判定!$B$3:$B$1850,"<="&判定条件!$C$11,時間ごとの判定!$AK$3:$AK$1850,"利用可") -> 9 | G4: =IF(F4>=判定条件!$C$12,"利用可","不可") -> 利用可 | H4: =COUNTIFS(時間ごとの判定!$A$3:$A$1850,$A4,時間ごとの判定!$B$3:$B$1850,">="&判定条件!$C$10,時間ごとの判定!$B$3:$B$1850,"<="&判定条件!$C$11,時間ごとの判定!$AN$3:$AN$1850,"利用可") -> 9 | I4: =IF(H4>=判定条件!$C$12,"利用可","不可") -> 利用可 | J4: =COUNTIFS(時間ごとの判定!$A$3:$A$1850,$A4,時間ごとの判定!$B$3:$B$1850,">="&判定条件!$C$10,時間ごとの判定!$B$3:$B$1850,"<="&判定条件!$C$11,時間ごとの判定!$AQ$3:$AQ$1850,"利用可") -> 9 | K4: =IF(J4>=判定条件!$C$12,"利用可","不可") -> 利用可 | L4: =COUNTIFS(時間ごとの判定!$A$3:$A$1850,$A4,時間ごとの判定!$B$3:$B$1850,">="&判定条件!$C$10,時間ごとの判定!$B$3:$B$1850,"<="&判定条件!$C$11,時間ごとの判定!$AT$3:$AT$1850,"利用可") -> 9 | M4: =IF(L4>=判定条件!$C$12,"利用可","不可") -> 利用可 | N4: =COUNTIFS(時間ごとの判定!$A$3:$A$1850,$A4,時間ごとの判定!$B$3:$B$1850,">="&判定条件!$C$10,時間ごとの判定!$B$3:$B$1850,"<="&判定条件!$C$11,時間ごとの判定!$AW$3:$AW$1850,"利用可") -> 9 | O4: =IF(N4>=判定条件!$C$12,"利用可","不可") -> 利用可 | P4: =IF(AND(E4="利用可",G4="利用可",I4="利用可"),"利用可","不可") -> 利用可 | Q4: =IF(AND(K4="利用可",M4="利用可",O4="利用可"),"利用可","不可") -> 利用可
A5: 46234 | B5: 金 | C5: 平日 | D5: =COUNTIFS(時間ごとの判定!$A$3:$A$1850,$A5,時間ごとの判定!$B$3:$B$1850,">="&判定条件!$C$10,時間ごとの判定!$B$3:$B$1850,"<="&判定条件!$C$11,時間ごとの判定!$AH$3:$AH$1850,"利用可") -> 8 | E5: =IF(D5>=判定条件!$C$12,"利用可","不可") -> 利用可 | F5: =COUNTIFS(時間ごとの判定!$A$3:$A$1850,$A5,時間ごとの判定!$B$3:$B$1850,">="&判定条件!$C$10,時間ごとの判定!$B$3:$B$1850,"<="&判定条件!$C$11,時間ごとの判定!$AK$3:$AK$1850,"利用可") -> 9 | G5: =IF(F5>=判定条件!$C$12,"利用可","不可") -> 利用可 | H5: =COUNTIFS(時間ごとの判定!$A$3:$A$1850,$A5,時間ごとの判定!$B$3:$B$1850,">="&判定条件!$C$10,時間ごとの判定!$B$3:$B$1850,"<="&判定条件!$C$11,時間ごとの判定!$AN$3:$AN$1850,"利用可") -> 9 | I5: =IF(H5>=判定条件!$C$12,"利用可","不可") -> 利用可 | J5: =COUNTIFS(時間ごとの判定!$A$3:$A$1850,$A5,時間ごとの判定!$B$3:$B$1850,">="&判定条件!$C$10,時間ごとの判定!$B$3:$B$1850,"<="&判定条件!$C$11,時間ごとの判定!$AQ$3:$AQ$1850,"利用可") -> 9 | K5: =IF(J5>=判定条件!$C$12,"利用可","不可") -> 利用可 | L5: =COUNTIFS(時間ごとの判定!$A$3:$A$1850,$A5,時間ごとの判定!$B$3:$B$1850,">="&判定条件!$C$10,時間ごとの判定!$B$3:$B$1850,"<="&判定条件!$C$11,時間ごとの判定!$AT$3:$AT$1850,"利用可") -> 9 | M5: =IF(L5>=判定条件!$C$12,"利用可","不可") -> 利用可 | N5: =COUNTIFS(時間ごとの判定!$A$3:$A$1850,$A5,時間ごとの判定!$B$3:$B$1850,">="&判定条件!$C$10,時間ごとの判定!$B$3:$B$1850,"<="&判定条件!$C$11,時間ごとの判定!$AW$3:$AW$1850,"利用可") -> 9 | O5: =IF(N5>=判定条件!$C$12,"利用可","不可") -> 利用可 | P5: =IF(AND(E5="利用可",G5="利用可",I5="利用可"),"利用可","不可") -> 利用可 | Q5: =IF(AND(K5="利用可",M5="利用可",O5="利用可"),"利用可","不可") -> 利用可
A6: 46235 | B6: 土 | C6: 土日 | D6: =COUNTIFS(時間ごとの判定!$A$3:$A$1850,$A6,時間ごとの判定!$B$3:$B$1850,">="&判定条件!$C$10,時間ごとの判定!$B$3:$B$1850,"<="&判定条件!$C$11,時間ごとの判定!$AH$3:$AH$1850,"利用可") -> 6 | E6: =IF(D6>=判定条件!$C$12,"利用可","不可") -> 不可 | F6: =COUNTIFS(時間ごとの判定!$A$3:$A$1850,$A6,時間ごとの判定!$B$3:$B$1850,">="&判定条件!$C$10,時間ごとの判定!$B$3:$B$1850,"<="&判定条件!$C$11,時間ごとの判定!$AK$3:$AK$1850,"利用可") -> 7 | G6: =IF(F6>=判定条件!$C$12,"利用可","不可") -> 利用可 | H6: =COUNTIFS(時間ごとの判定!$A$3:$A$1850,$A6,時間ごとの判定!$B$3:$B$1850,">="&判定条件!$C$10,時間ごとの判定!$B$3:$B$1850,"<="&判定条件!$C$11,時間ごとの判定!$AN$3:$AN$1850,"利用可") -> 7 | I6: =IF(H6>=判定条件!$C$12,"利用可","不可") -> 利用可 | J6: =COUNTIFS(時間ごとの判定!$A$3:$A$1850,$A6,時間ごとの判定!$B$3:$B$1850,">="&判定条件!$C$10,時間ごとの判定!$B$3:$B$1850,"<="&判定条件!$C$11,時間ごとの判定!$AQ$3:$AQ$1850,"利用可") -> 9 | K6: =IF(J6>=判定条件!$C$12,"利用可","不可") -> 利用可 | L6: =COUNTIFS(時間ごとの判定!$A$3:$A$1850,$A6,時間ごとの判定!$B$3:$B$1850,">="&判定条件!$C$10,時間ごとの判定!$B$3:$B$1850,"<="&判定条件!$C$11,時間ごとの判定!$AT$3:$AT$1850,"利用可") -> 9 | M6: =IF(L6>=判定条件!$C$12,"利用可","不可") -> 利用可 | N6: =COUNTIFS(時間ごとの判定!$A$3:$A$1850,$A6,時間ごとの判定!$B$3:$B$1850,">="&判定条件!$C$10,時間ごとの判定!$B$3:$B$1850,"<="&判定条件!$C$11,時間ごとの判定!$AW$3:$AW$1850,"利用可") -> 9 | O6: =IF(N6>=判定条件!$C$12,"利用可","不可") -> 利用可 | P6: =IF(AND(E6="利用可",G6="利用可",I6="利用可"),"利用可","不可") -> 不可 | Q6: =IF(AND(K6="利用可",M6="利用可",O6="利用可"),"利用可","不可") -> 利用可
A7: 46236 | B7: 日 | C7: 土日 | D7: =COUNTIFS(時間ごとの判定!$A$3:$A$1850,$A7,時間ごとの判定!$B$3:$B$1850,">="&判定条件!$C$10,時間ごとの判定!$B$3:$B$1850,"<="&判定条件!$C$11,時間ごとの判定!$AH$3:$AH$1850,"利用可") -> 9 | E7: =IF(D7>=判定条件!$C$12,"利用可","不可") -> 利用可 | F7: =COUNTIFS(時間ごとの判定!$A$3:$A$1850,$A7,時間ごとの判定!$B$3:$B$1850,">="&判定条件!$C$10,時間ごとの判定!$B$3:$B$1850,"<="&判定条件!$C$11,時間ごとの判定!$AK$3:$AK$1850,"利用可") -> 3 | G7: =IF(F7>=判定条件!$C$12,"利用可","不可") -> 不可 | H7: =COUNTIFS(時間ごとの判定!$A$3:$A$1850,$A7,時間ごとの判定!$B$3:$B$1850,">="&判定条件!$C$10,時間ごとの判定!$B$3:$B$1850,"<="&判定条件!$C$11,時間ごとの判定!$AN$3:$AN$1850,"利用可") -> 0 | I7: =IF(H7>=判定条件!$C$12,"利用可","不可") -> 不可 | J7: =COUNTIFS(時間ごとの判定!$A$3:$A$1850,$A7,時間ごとの判定!$B$3:$B$1850,">="&判定条件!$C$10,時間ごとの判定!$B$3:$B$1850,"<="&判定条件!$C$11,時間ごとの判定!$AQ$3:$AQ$1850,"利用可") -> 9 | K7: =IF(J7>=判定条件!$C$12,"利用可","不可") -> 利用可 | L7: =COUNTIFS(時間ごとの判定!$A$3:$A$1850,$A7,時間ごとの判定!$B$3:$B$1850,">="&判定条件!$C$10,時間ごとの判定!$B$3:$B$1850,"<="&判定条件!$C$11,時間ごとの判定!$AT$3:$AT$1850,"利用可") -> 9 | M7: =IF(L7>=判定条件!$C$12,"利用可","不可") -> 利用可 | N7: =COUNTIFS(時間ごとの判定!$A$3:$A$1850,$A7,時間ごとの判定!$B$3:$B$1850,">="&判定条件!$C$10,時間ごとの判定!$B$3:$B$1850,"<="&判定条件!$C$11,時間ごとの判定!$AW$3:$AW$1850,"利用可") -> 9 | O7: =IF(N7>=判定条件!$C$12,"利用可","不可") -> 利用可 | P7: =IF(AND(E7="利用可",G7="利用可",I7="利用可"),"利用可","不可") -> 不可 | Q7: =IF(AND(K7="利用可",M7="利用可",O7="利用可"),"利用可","不可") -> 利用可
A8: 46237 | B8: 月 | C8: 平日 | D8: =COUNTIFS(時間ごとの判定!$A$3:$A$1850,$A8,時間ごとの判定!$B$3:$B$1850,">="&判定条件!$C$10,時間ごとの判定!$B$3:$B$1850,"<="&判定条件!$C$11,時間ごとの判定!$AH$3:$AH$1850,"利用可") -> 9 | E8: =IF(D8>=判定条件!$C$12,"利用可","不可") -> 利用可 | F8: =COUNTIFS(時間ごとの判定!$A$3:$A$1850,$A8,時間ごとの判定!$B$3:$B$1850,">="&判定条件!$C$10,時間ごとの判定!$B$3:$B$1850,"<="&判定条件!$C$11,時間ごとの判定!$AK$3:$AK$1850,"利用可") -> 9 | G8: =IF(F8>=判定条件!$C$12,"利用可","不可") -> 利用可 | H8: =COUNTIFS(時間ごとの判定!$A$3:$A$1850,$A8,時間ごとの判定!$B$3:$B$1850,">="&判定条件!$C$10,時間ごとの判定!$B$3:$B$1850,"<="&判定条件!$C$11,時間ごとの判定!$AN$3:$AN$1850,"利用可") -> 9 | I8: =IF(H8>=判定条件!$C$12,"利用可","不可") -> 利用可 | J8: =COUNTIFS(時間ごとの判定!$A$3:$A$1850,$A8,時間ごとの判定!$B$3:$B$1850,">="&判定条件!$C$10,時間ごとの判定!$B$3:$B$1850,"<="&判定条件!$C$11,時間ごとの判定!$AQ$3:$AQ$1850,"利用可") -> 8 | K8: =IF(J8>=判定条件!$C$12,"利用可","不可") -> 利用可 | L8: =COUNTIFS(時間ごとの判定!$A$3:$A$1850,$A8,時間ごとの判定!$B$3:$B$1850,">="&判定条件!$C$10,時間ごとの判定!$B$3:$B$1850,"<="&判定条件!$C$11,時間ごとの判定!$AT$3:$AT$1850,"利用可") -> 9 | M8: =IF(L8>=判定条件!$C$12,"利用可","不可") -> 利用可 | N8: =COUNTIFS(時間ごとの判定!$A$3:$A$1850,$A8,時間ごとの判定!$B$3:$B$1850,">="&判定条件!$C$10,時間ごとの判定!$B$3:$B$1850,"<="&判定条件!$C$11,時間ごとの判定!$AW$3:$AW$1850,"利用可") -> 9 | O8: =IF(N8>=判定条件!$C$12,"利用可","不可") -> 利用可 | P8: =IF(AND(E8="利用可",G8="利用可",I8="利用可"),"利用可","不可") -> 利用可 | Q8: =IF(AND(K8="利用可",M8="利用可",O8="利用可"),"利用可","不可") -> 利用可
A9: 46238 | B9: 火 | C9: 平日 | D9: =COUNTIFS(時間ごとの判定!$A$3:$A$1850,$A9,時間ごとの判定!$B$3:$B$1850,">="&判定条件!$C$10,時間ごとの判定!$B$3:$B$1850,"<="&判定条件!$C$11,時間ごとの判定!$AH$3:$AH$1850,"利用可") -> 9 | E9: =IF(D9>=判定条件!$C$12,"利用可","不可") -> 利用可 | F9: =COUNTIFS(時間ごとの判定!$A$3:$A$1850,$A9,時間ごとの判定!$B$3:$B$1850,">="&判定条件!$C$10,時間ごとの判定!$B$3:$B$1850,"<="&判定条件!$C$11,時間ごとの判定!$AK$3:$AK$1850,"利用可") -> 9 | G9: =IF(F9>=判定条件!$C$12,"利用可","不可") -> 利用可 | H9: =COUNTIFS(時間ごとの判定!$A$3:$A$1850,$A9,時間ごとの判定!$B$3:$B$1850,">="&判定条件!$C$10,時間ごとの判定!$B$3:$B$1850,"<="&判定条件!$C$11,時間ごとの判定!$AN$3:$AN$1850,"利用可") -> 9 | I9: =IF(H9>=判定条件!$C$12,"利用可","不可") -> 利用可 | J9: =COUNTIFS(時間ごとの判定!$A$3:$A$1850,$A9,時間ごとの判定!$B$3:$B$1850,">="&判定条件!$C$10,時間ごとの判定!$B$3:$B$1850,"<="&判定条件!$C$11,時間ごとの判定!$AQ$3:$AQ$1850,"利用可") -> 9 | K9: =IF(J9>=判定条件!$C$12,"利用可","不可") -> 利用可 | L9: =COUNTIFS(時間ごとの判定!$A$3:$A$1850,$A9,時間ごとの判定!$B$3:$B$1850,">="&判定条件!$C$10,時間ごとの判定!$B$3:$B$1850,"<="&判定条件!$C$11,時間ごとの判定!$AT$3:$AT$1850,"利用可") -> 8 | M9: =IF(L9>=判定条件!$C$12,"利用可","不可") -> 利用可 | N9: =COUNTIFS(時間ごとの判定!$A$3:$A$1850,$A9,時間ごとの判定!$B$3:$B$1850,">="&判定条件!$C$10,時間ごとの判定!$B$3:$B$1850,"<="&判定条件!$C$11,時間ごとの判定!$AW$3:$AW$1850,"利用可") -> 9 | O9: =IF(N9>=判定条件!$C$12,"利用可","不可") -> 利用可 | P9: =IF(AND(E9="利用可",G9="利用可",I9="利用可"),"利用可","不可") -> 利用可 | Q9: =IF(AND(K9="利用可",M9="利用可",O9="利用可"),"利用可","不可") -> 利用可
A10: 46239 | B10: 水 | C10: 平日 | D10: =COUNTIFS(時間ごとの判定!$A$3:$A$1850,$A10,時間ごとの判定!$B$3:$B$1850,">="&判定条件!$C$10,時間ごとの判定!$B$3:$B$1850,"<="&判定条件!$C$11,時間ごとの判定!$AH$3:$AH$1850,"利用可") -> 9 | E10: =IF(D10>=判定条件!$C$12,"利用可","不可") -> 利用可 | F10: =COUNTIFS(時間ごとの判定!$A$3:$A$1850,$A10,時間ごとの判定!$B$3:$B$1850,">="&判定条件!$C$10,時間ごとの判定!$B$3:$B$1850,"<="&判定条件!$C$11,時間ごとの判定!$AK$3:$AK$1850,"利用可") -> 9 | G10: =IF(F10>=判定条件!$C$12,"利用可","不可") -> 利用可 | H10: =COUNTIFS(時間ごとの判定!$A$3:$A$1850,$A10,時間ごとの判定!$B$3:$B$1850,">="&判定条件!$C$10,時間ごとの判定!$B$3:$B$1850,"<="&判定条件!$C$11,時間ごとの判定!$AN$3:$AN$1850,"利用可") -> 9 | I10: =IF(H10>=判定条件!$C$12,"利用可","不可") -> 利用可 | J10: =COUNTIFS(時間ごとの判定!$A$3:$A$1850,$A10,時間ごとの判定!$B$3:$B$1850,">="&判定条件!$C$10,時間ごとの判定!$B$3:$B$1850,"<="&判定条件!$C$11,時間ごとの判定!$AQ$3:$AQ$1850,"利用可") -> 9 | K10: =IF(J10>=判定条件!$C$12,"利用可","不可") -> 利用可 | L10: =COUNTIFS(時間ごとの判定!$A$3:$A$1850,$A10,時間ごとの判定!$B$3:$B$1850,">="&判定条件!$C$10,時間ごとの判定!$B$3:$B$1850,"<="&判定条件!$C$11,時間ごとの判定!$AT$3:$AT$1850,"利用可") -> 9 | M10: =IF(L10>=判定条件!$C$12,"利用可","不可") -> 利用可 | N10: =COUNTIFS(時間ごとの判定!$A$3:$A$1850,$A10,時間ごとの判定!$B$3:$B$1850,">="&判定条件!$C$10,時間ごとの判定!$B$3:$B$1850,"<="&判定条件!$C$11,時間ごとの判定!$AW$3:$AW$1850,"利用可") -> 9 | O10: =IF(N10>=判定条件!$C$12,"利用可","不可") -> 利用可 | P10: =IF(AND(E10="利用可",G10="利用可",I10="利用可"),"利用可","不可") -> 利用可 | Q10: =IF(AND(K10="利用可",M10="利用可",O10="利用可"),"利用可","不可") -> 利用可
A11: 46240 | B11: 木 | C11: 平日 | D11: =COUNTIFS(時間ごとの判定!$A$3:$A$1850,$A11,時間ごとの判定!$B$3:$B$1850,">="&判定条件!$C$10,時間ごとの判定!$B$3:$B$1850,"<="&判定条件!$C$11,時間ごとの判定!$AH$3:$AH$1850,"利用可") -> 9 | E11: =IF(D11>=判定条件!$C$12,"利用可","不可") -> 利用可 | F11: =COUNTIFS(時間ごとの判定!$A$3:$A$1850,$A11,時間ごとの判定!$B$3:$B$1850,">="&判定条件!$C$10,時間ごとの判定!$B$3:$B$1850,"<="&判定条件!$C$11,時間ごとの判定!$AK$3:$AK$1850,"利用可") -> 9 | G11: =IF(F11>=判定条件!$C$12,"利用可","不可") -> 利用可 | H11: =COUNTIFS(時間ごとの判定!$A$3:$A$1850,$A11,時間ごとの判定!$B$3:$B$1850,">="&判定条件!$C$10,時間ごとの判定!$B$3:$B$1850,"<="&判定条件!$C$11,時間ごとの判定!$AN$3:$AN$1850,"利用可") -> 9 | I11: =IF(H11>=判定条件!$C$12,"利用可","不可") -> 利用可 | J11: =COUNTIFS(時間ごとの判定!$A$3:$A$1850,$A11,時間ごとの判定!$B$3:$B$1850,">="&判定条件!$C$10,時間ごとの判定!$B$3:$B$1850,"<="&判定条件!$C$11,時間ごとの判定!$AQ$3:$AQ$1850,"利用可") -> 9 | K11: =IF(J11>=判定条件!$C$12,"利用可","不可") -> 利用可 | L11: =COUNTIFS(時間ごとの判定!$A$3:$A$1850,$A11,時間ごとの判定!$B$3:$B$1850,">="&判定条件!$C$10,時間ごとの判定!$B$3:$B$1850,"<="&判定条件!$C$11,時間ごとの判定!$AT$3:$AT$1850,"利用可") -> 9 | M11: =IF(L11>=判定条件!$C$12,"利用可","不可") -> 利用可 | N11: =COUNTIFS(時間ごとの判定!$A$3:$A$1850,$A11,時間ごとの判定!$B$3:$B$1850,">="&判定条件!$C$10,時間ごとの判定!$B$3:$B$1850,"<="&判定条件!$C$11,時間ごとの判定!$AW$3:$AW$1850,"利用可") -> 9 | O11: =IF(N11>=判定条件!$C$12,"利用可","不可") -> 利用可 | P11: =IF(AND(E11="利用可",G11="利用可",I11="利用可"),"利用可","不可") -> 利用可 | Q11: =IF(AND(K11="利用可",M11="利用可",O11="利用可"),"利用可","不可") -> 利用可
A12: 46241 | B12: 金 | C12: 平日 | D12: =COUNTIFS(時間ごとの判定!$A$3:$A$1850,$A12,時間ごとの判定!$B$3:$B$1850,">="&判定条件!$C$10,時間ごとの判定!$B$3:$B$1850,"<="&判定条件!$C$11,時間ごとの判定!$AH$3:$AH$1850,"利用可") -> 9 | E12: =IF(D12>=判定条件!$C$12,"利用可","不可") -> 利用可 | F12: =COUNTIFS(時間ごとの判定!$A$3:$A$1850,$A12,時間ごとの判定!$B$3:$B$1850,">="&判定条件!$C$10,時間ごとの判定!$B$3:$B$1850,"<="&判定条件!$C$11,時間ごとの判定!$AK$3:$AK$1850,"利用可") -> 9 | G12: =IF(F12>=判定条件!$C$12,"利用可","不可") -> 利用可 | H12: =COUNTIFS(時間ごとの判定!$A$3:$A$1850,$A12,時間ごとの判定!$B$3:$B$1850,">="&判定条件!$C$10,時間ごとの判定!$B$3:$B$1850,"<="&判定条件!$C$11,時間ごとの判定!$AN$3:$AN$1850,"利用可") -> 9 | I12: =IF(H12>=判定条件!$C$12,"利用可","不可") -> 利用可 | J12: =COUNTIFS(時間ごとの判定!$A$3:$A$1850,$A12,時間ごとの判定!$B$3:$B$1850,">="&判定条件!$C$10,時間ごとの判定!$B$3:$B$1850,"<="&判定条件!$C$11,時間ごとの判定!$AQ$3:$AQ$1850,"利用可") -> 9 | K12: =IF(J12>=判定条件!$C$12,"利用可","不可") -> 利用可 | L12: =COUNTIFS(時間ごとの判定!$A$3:$A$1850,$A12,時間ごとの判定!$B$3:$B$1850,">="&判定条件!$C$10,時間ごとの判定!$B$3:$B$1850,"<="&判定条件!$C$11,時間ごとの判定!$AT$3:$AT$1850,"利用可") -> 9 | M12: =IF(L12>=判定条件!$C$12,"利用可","不可") -> 利用可 | N12: =COUNTIFS(時間ごとの判定!$A$3:$A$1850,$A12,時間ごとの判定!$B$3:$B$1850,">="&判定条件!$C$10,時間ごとの判定!$B$3:$B$1850,"<="&判定条件!$C$11,時間ごとの判定!$AW$3:$AW$1850,"利用可") -> 9 | O12: =IF(N12>=判定条件!$C$12,"利用可","不可") -> 利用可 | P12: =IF(AND(E12="利用可",G12="利用可",I12="利用可"),"利用可","不可") -> 利用可 | Q12: =IF(AND(K12="利用可",M12="利用可",O12="利用可"),"利用可","不可") -> 利用可
A13: 46242 | B13: 土 | C13: 土日 | D13: =COUNTIFS(時間ごとの判定!$A$3:$A$1850,$A13,時間ごとの判定!$B$3:$B$1850,">="&判定条件!$C$10,時間ごとの判定!$B$3:$B$1850,"<="&判定条件!$C$11,時間ごとの判定!$AH$3:$AH$1850,"利用可") -> 9 | E13: =IF(D13>=判定条件!$C$12,"利用可","不可") -> 利用可 | F13: =COUNTIFS(時間ごとの判定!$A$3:$A$1850,$A13,時間ごとの判定!$B$3:$B$1850,">="&判定条件!$C$10,時間ごとの判定!$B$3:$B$1850,"<="&判定条件!$C$11,時間ごとの判定!$AK$3:$AK$1850,"利用可") -> 0 | G13: =IF(F13>=判定条件!$C$12,"利用可","不可") -> 不可 | H13: =COUNTIFS(時間ごとの判定!$A$3:$A$1850,$A13,時間ごとの判定!$B$3:$B$1850,">="&判定条件!$C$10,時間ごとの判定!$B$3:$B$1850,"<="&判定条件!$C$11,時間ごとの判定!$AN$3:$AN$1850,"利用可") -> 5 | I13: =IF(H13>=判定条件!$C$12,"利用可","不可") -> 不可 | J13: =COUNTIFS(時間ごとの判定!$A$3:$A$1850,$A13,時間ごとの判定!$B$3:$B$1850,">="&判定条件!$C$10,時間ごとの判定!$B$3:$B$1850,"<="&判定条件!$C$11,時間ごとの判定!$AQ$3:$AQ$1850,"利用可") -> 8 | K13: =IF(J13>=判定条件!$C$12,"利用可","不可") -> 利用可 | L13: =COUNTIFS(時間ごとの判定!$A$3:$A$1850,$A13,時間ごとの判定!$B$3:$B$1850,">="&判定条件!$C$10,時間ごとの判定!$B$3:$B$1850,"<="&判定条件!$C$11,時間ごとの判定!$AT$3:$AT$1850,"利用可") -> 9 | M13: =IF(L13>=判定条件!$C$12,"利用可","不可") -> 利用可 | N13: =COUNTIFS(時間ごとの判定!$A$3:$A$1850,$A13,時間ごとの判定!$B$3:$B$1850,">="&判定条件!$C$10,時間ごとの判定!$B$3:$B$1850,"<="&判定条件!$C$11,時間ごとの判定!$AW$3:$AW$1850,"利用可") -> 9 | O13: =IF(N13>=判定条件!$C$12,"利用可","不可") -> 利用可 | P13: =IF(AND(E13="利用可",G13="利用可",I13="利用可"),"利用可","不可") -> 不可 | Q13: =IF(AND(K13="利用可",M13="利用可",O13="利用可"),"利用可","不可") -> 利用可
A14: 46243 | B14: 日 | C14: 土日 | D14: =COUNTIFS(時間ごとの判定!$A$3:$A$1850,$A14,時間ごとの判定!$B$3:$B$1850,">="&判定条件!$C$10,時間ごとの判定!$B$3:$B$1850,"<="&判定条件!$C$11,時間ごとの判定!$AH$3:$AH$1850,"利用可") -> 9 | E14: =IF(D14>=判定条件!$C$12,"利用可","不可") -> 利用可 | F14: =COUNTIFS(時間ごとの判定!$A$3:$A$1850,$A14,時間ごとの判定!$B$3:$B$1850,">="&判定条件!$C$10,時間ごとの判定!$B$3:$B$1850,"<="&判定条件!$C$11,時間ごとの判定!$AK$3:$AK$1850,"利用可") -> 0 | G14: =IF(F14>=判定条件!$C$12,"利用可","不可") -> 不可 | H14: =COUNTIFS(時間ごとの判定!$A$3:$A$1850,$A14,時間ごとの判定!$B$3:$B$1850,">="&判定条件!$C$10,時間ごとの判定!$B$3:$B$1850,"<="&判定条件!$C$11,時間ごとの判定!$AN$3:$AN$1850,"利用可") -> 0 | I14: =IF(H14>=判定条件!$C$12,"利用可","不可") -> 不可 | J14: =COUNTIFS(時間ごとの判定!$A$3:$A$1850,$A14,時間ごとの判定!$B$3:$B$1850,">="&判定条件!$C$10,時間ごとの判定!$B$3:$B$1850,"<="&判定条件!$C$11,時間ごとの判定!$AQ$3:$AQ$1850,"利用可") -> 8 | K14: =IF(J14>=判定条件!$C$12,"利用可","不可") -> 利用可 | L14: =COUNTIFS(時間ごとの判定!$A$3:$A$1850,$A14,時間ごとの判定!$B$3:$B$1850,">="&判定条件!$C$10,時間ごとの判定!$B$3:$B$1850,"<="&判定条件!$C$11,時間ごとの判定!$AT$3:$AT$1850,"利用可") -> 9 | M14: =IF(L14>=判定条件!$C$12,"利用可","不可") -> 利用可 | N14: =COUNTIFS(時間ごとの判定!$A$3:$A$1850,$A14,時間ごとの判定!$B$3:$B$1850,">="&判定条件!$C$10,時間ごとの判定!$B$3:$B$1850,"<="&判定条件!$C$11,時間ごとの判定!$AW$3:$AW$1850,"利用可") -> 9 | O14: =IF(N14>=判定条件!$C$12,"利用可","不可") -> 利用可 | P14: =IF(AND(E14="利用可",G14="利用可",I14="利用可"),"利用可","不可") -> 不可 | Q14: =IF(AND(K14="利用可",M14="利用可",O14="利用可"),"利用可","不可") -> 利用可
A15: 46244 | B15: 月 | C15: 平日 | D15: =COUNTIFS(時間ごとの判定!$A$3:$A$1850,$A15,時間ごとの判定!$B$3:$B$1850,">="&判定条件!$C$10,時間ごとの判定!$B$3:$B$1850,"<="&判定条件!$C$11,時間ごとの判定!$AH$3:$AH$1850,"利用可") -> 9 | E15: =IF(D15>=判定条件!$C$12,"利用可","不可") -> 利用可 | F15: =COUNTIFS(時間ごとの判定!$A$3:$A$1850,$A15,時間ごとの判定!$B$3:$B$1850,">="&判定条件!$C$10,時間ごとの判定!$B$3:$B$1850,"<="&判定条件!$C$11,時間ごとの判定!$AK$3:$AK$1850,"利用可") -> 0 | G15: =IF(F15>=判定条件!$C$12,"利用可","不可") -> 不可 | H15: =COUNTIFS(時間ごとの判定!$A$3:$A$1850,$A15,時間ごとの判定!$B$3:$B$1850,">="&判定条件!$C$10,時間ごとの判定!$B$3:$B$1850,"<="&判定条件!$C$11,時間ごとの判定!$AN$3:$AN$1850,"利用可") -> 9 | I15: =IF(H15>=判定条件!$C$12,"利用可","不可") -> 利用可 | J15: =COUNTIFS(時間ごとの判定!$A$3:$A$1850,$A15,時間ごとの判定!$B$3:$B$1850,">="&判定条件!$C$10,時間ごとの判定!$B$3:$B$1850,"<="&判定条件!$C$11,時間ごとの判定!$AQ$3:$AQ$1850,"利用可") -> 9 | K15: =IF(J15>=判定条件!$C$12,"利用可","不可") -> 利用可 | L15: =COUNTIFS(時間ごとの判定!$A$3:$A$1850,$A15,時間ごとの判定!$B$3:$B$1850,">="&判定条件!$C$10,時間ごとの判定!$B$3:$B$1850,"<="&判定条件!$C$11,時間ごとの判定!$AT$3:$AT$1850,"利用可") -> 8 | M15: =IF(L15>=判定条件!$C$12,"利用可","不可") -> 利用可 | N15: =COUNTIFS(時間ごとの判定!$A$3:$A$1850,$A15,時間ごとの判定!$B$3:$B$1850,">="&判定条件!$C$10,時間ごとの判定!$B$3:$B$1850,"<="&判定条件!$C$11,時間ごとの判定!$AW$3:$AW$1850,"利用可") -> 9 | O15: =IF(N15>=判定条件!$C$12,"利用可","不可") -> 利用可 | P15: =IF(AND(E15="利用可",G15="利用可",I15="利用可"),"利用可","不可") -> 不可 | Q15: =IF(AND(K15="利用可",M15="利用可",O15="利用可"),"利用可","不可") -> 利用可
... A18: 46247 | B18: 木 | C18: 平日 | D18: =COUNTIFS(時間ごとの判定!$A$3:$A$1850,$A18,時間ごとの判定!$B$3:$B$1850,">="&判定条件!$C$10,時間ごとの判定!$B$3:$B$1850,"<="&判定条件!$C$11,時間ごとの判定!$AH$3:$AH$1850,"利用可") -> 7 | E18: =IF(D18>=判定条件!$C$12,"利用可","不可") -> 利用可 | F18: =COUNTIFS(時間ごとの判定!$A$3:$A$1850,$A18,時間ごとの判定!$B$3:$B$1850,">="&判定条件!$C$10,時間ごとの判定!$B$3:$B$1850,"<="&判定条件!$C$11,時間ごとの判定!$AK$3:$AK$1850,"利用可") -> 0 | G18: =IF(F18>=判定条件!$C$12,"利用可","不可") -> 不可 | H18: =COUNTIFS(時間ごとの判定!$A$3:$A$1850,$A18,時間ごとの判定!$B$3:$B$1850,">="&判定条件!$C$10,時間ごとの判定!$B$3:$B$1850,"<="&判定条件!$C$11,時間ごとの判定!$AN$3:$AN$1850,"利用可") -> 9 | I18: =IF(H18>=判定条件!$C$12,"利用可","不可") -> 利用可 | J18: =COUNTIFS(時間ごとの判定!$A$3:$A$1850,$A18,時間ごとの判定!$B$3:$B$1850,">="&判定条件!$C$10,時間ごとの判定!$B$3:$B$1850,"<="&判定条件!$C$11,時間ごとの判定!$AQ$3:$AQ$1850,"利用可") -> 8 | K18: =IF(J18>=判定条件!$C$12,"利用可","不可") -> 利用可 | L18: =COUNTIFS(時間ごとの判定!$A$3:$A$1850,$A18,時間ごとの判定!$B$3:$B$1850,">="&判定条件!$C$10,時間ごとの判定!$B$3:$B$1850,"<="&判定条件!$C$11,時間ごとの判定!$AT$3:$AT$1850,"利用可") -> 7 | M18: =IF(L18>=判定条件!$C$12,"利用可","不可") -> 利用可 | N18: =COUNTIFS(時間ごとの判定!$A$3:$A$1850,$A18,時間ごとの判定!$B$3:$B$1850,">="&判定条件!$C$10,時間ごとの判定!$B$3:$B$1850,"<="&判定条件!$C$11,時間ごとの判定!$AW$3:$AW$1850,"利用可") -> 9 | O18: =IF(N18>=判定条件!$C$12,"利用可","不可") -> 利用可 | P18: =IF(AND(E18="利用可",G18="利用可",I18="利用可"),"利用可","不可") -> 不可 | Q18: =IF(AND(K18="利用可",M18="利用可",O18="利用可"),"利用可","不可") -> 利用可
A19: 46248 | B19: 金 | C19: 平日 | D19: =COUNTIFS(時間ごとの判定!$A$3:$A$1850,$A19,時間ごとの判定!$B$3:$B$1850,">="&判定条件!$C$10,時間ごとの判定!$B$3:$B$1850,"<="&判定条件!$C$11,時間ごとの判定!$AH$3:$AH$1850,"利用可") -> 8 | E19: =IF(D19>=判定条件!$C$12,"利用可","不可") -> 利用可 | F19: =COUNTIFS(時間ごとの判定!$A$3:$A$1850,$A19,時間ごとの判定!$B$3:$B$1850,">="&判定条件!$C$10,時間ごとの判定!$B$3:$B$1850,"<="&判定条件!$C$11,時間ごとの判定!$AK$3:$AK$1850,"利用可") -> 1 | G19: =IF(F19>=判定条件!$C$12,"利用可","不可") -> 不可 | H19: =COUNTIFS(時間ごとの判定!$A$3:$A$1850,$A19,時間ごとの判定!$B$3:$B$1850,">="&判定条件!$C$10,時間ごとの判定!$B$3:$B$1850,"<="&判定条件!$C$11,時間ごとの判定!$AN$3:$AN$1850,"利用可") -> 7 | I19: =IF(H19>=判定条件!$C$12,"利用可","不可") -> 利用可 | J19: =COUNTIFS(時間ごとの判定!$A$3:$A$1850,$A19,時間ごとの判定!$B$3:$B$1850,">="&判定条件!$C$10,時間ごとの判定!$B$3:$B$1850,"<="&判定条件!$C$11,時間ごとの判定!$AQ$3:$AQ$1850,"利用可") -> 7 | K19: =IF(J19>=判定条件!$C$12,"利用可","不可") -> 利用可 | L19: =COUNTIFS(時間ごとの判定!$A$3:$A$1850,$A19,時間ごとの判定!$B$3:$B$1850,">="&判定条件!$C$10,時間ごとの判定!$B$3:$B$1850,"<="&判定条件!$C$11,時間ごとの判定!$AT$3:$AT$1850,"利用可") -> 7 | M19: =IF(L19>=判定条件!$C$12,"利用可","不可") -> 利用可 | N19: =COUNTIFS(時間ごとの判定!$A$3:$A$1850,$A19,時間ごとの判定!$B$3:$B$1850,">="&判定条件!$C$10,時間ごとの判定!$B$3:$B$1850,"<="&判定条件!$C$11,時間ごとの判定!$AW$3:$AW$1850,"利用可") -> 8 | O19: =IF(N19>=判定条件!$C$12,"利用可","不可") -> 利用可 | P19: =IF(AND(E19="利用可",G19="利用可",I19="利用可"),"利用可","不可") -> 不可 | Q19: =IF(AND(K19="利用可",M19="利用可",O19="利用可"),"利用可","不可") -> 利用可 | R19: 8-2の排気・吸気温度が欠け（判定不能）
A20: 46249 | B20: 土 | C20: 土日 | D20: =COUNTIFS(時間ごとの判定!$A$3:$A$1850,$A20,時間ごとの判定!$B$3:$B$1850,">="&判定条件!$C$10,時間ごとの判定!$B$3:$B$1850,"<="&判定条件!$C$11,時間ごとの判定!$AH$3:$AH$1850,"利用可") -> 4 | E20: =IF(D20>=判定条件!$C$12,"利用可","不可") -> 不可 | F20: =COUNTIFS(時間ごとの判定!$A$3:$A$1850,$A20,時間ごとの判定!$B$3:$B$1850,">="&判定条件!$C$10,時間ごとの判定!$B$3:$B$1850,"<="&判定条件!$C$11,時間ごとの判定!$AK$3:$AK$1850,"利用可") -> 0 | G20: =IF(F20>=判定条件!$C$12,"利用可","不可") -> 不可 | H20: =COUNTIFS(時間ごとの判定!$A$3:$A$1850,$A20,時間ごとの判定!$B$3:$B$1850,">="&判定条件!$C$10,時間ごとの判定!$B$3:$B$1850,"<="&判定条件!$C$11,時間ごとの判定!$AN$3:$AN$1850,"利用可") -> 0 | I20: =IF(H20>=判定条件!$C$12,"利用可","不可") -> 不可 | J20: =COUNTIFS(時間ごとの判定!$A$3:$A$1850,$A20,時間ごとの判定!$B$3:$B$1850,">="&判定条件!$C$10,時間ごとの判定!$B$3:$B$1850,"<="&判定条件!$C$11,時間ごとの判定!$AQ$3:$AQ$1850,"利用可") -> 9 | K20: =IF(J20>=判定条件!$C$12,"利用可","不可") -> 利用可 | L20: =COUNTIFS(時間ごとの判定!$A$3:$A$1850,$A20,時間ごとの判定!$B$3:$B$1850,">="&判定条件!$C$10,時間ごとの判定!$B$3:$B$1850,"<="&判定条件!$C$11,時間ごとの判定!$AT$3:$AT$1850,"利用可") -> 4 | M20: =IF(L20>=判定条件!$C$12,"利用可","不可") -> 不可 | N20: =COUNTIFS(時間ごとの判定!$A$3:$A$1850,$A20,時間ごとの判定!$B$3:$B$1850,">="&判定条件!$C$10,時間ごとの判定!$B$3:$B$1850,"<="&判定条件!$C$11,時間ごとの判定!$AW$3:$AW$1850,"利用可") -> 9 | O20: =IF(N20>=判定条件!$C$12,"利用可","不可") -> 利用可 | P20: =IF(AND(E20="利用可",G20="利用可",I20="利用可"),"利用可","不可") -> 不可 | Q20: =IF(AND(K20="利用可",M20="利用可",O20="利用可"),"利用可","不可") -> 不可 | R20: 8-2の排気・吸気温度が欠け（判定不能）
A21: 46250 | B21: 日 | C21: 土日 | D21: =COUNTIFS(時間ごとの判定!$A$3:$A$1850,$A21,時間ごとの判定!$B$3:$B$1850,">="&判定条件!$C$10,時間ごとの判定!$B$3:$B$1850,"<="&判定条件!$C$11,時間ごとの判定!$AH$3:$AH$1850,"利用可") -> 0 | E21: =IF(D21>=判定条件!$C$12,"利用可","不可") -> 不可 | F21: =COUNTIFS(時間ごとの判定!$A$3:$A$1850,$A21,時間ごとの判定!$B$3:$B$1850,">="&判定条件!$C$10,時間ごとの判定!$B$3:$B$1850,"<="&判定条件!$C$11,時間ごとの判定!$AK$3:$AK$1850,"利用可") -> 0 | G21: =IF(F21>=判定条件!$C$12,"利用可","不可") -> 不可 | H21: =COUNTIFS(時間ごとの判定!$A$3:$A$1850,$A21,時間ごとの判定!$B$3:$B$1850,">="&判定条件!$C$10,時間ごとの判定!$B$3:$B$1850,"<="&判定条件!$C$11,時間ごとの判定!$AN$3:$AN$1850,"利用可") -> 1 | I21: =IF(H21>=判定条件!$C$12,"利用可","不可") -> 不可 | J21: =COUNTIFS(時間ごとの判定!$A$3:$A$1850,$A21,時間ごとの判定!$B$3:$B$1850,">="&判定条件!$C$10,時間ごとの判定!$B$3:$B$1850,"<="&判定条件!$C$11,時間ごとの判定!$AQ$3:$AQ$1850,"利用可") -> 9 | K21: =IF(J21>=判定条件!$C$12,"利用可","不可") -> 利用可 | L21: =COUNTIFS(時間ごとの判定!$A$3:$A$1850,$A21,時間ごとの判定!$B$3:$B$1850,">="&判定条件!$C$10,時間ごとの判定!$B$3:$B$1850,"<="&判定条件!$C$11,時間ごとの判定!$AT$3:$AT$1850,"利用可") -> 4 | M21: =IF(L21>=判定条件!$C$12,"利用可","不可") -> 不可 | N21: =COUNTIFS(時間ごとの判定!$A$3:$A$1850,$A21,時間ごとの判定!$B$3:$B$1850,">="&判定条件!$C$10,時間ごとの判定!$B$3:$B$1850,"<="&判定条件!$C$11,時間ごとの判定!$AW$3:$AW$1850,"利用可") -> 9 | O21: =IF(N21>=判定条件!$C$12,"利用可","不可") -> 利用可 | P21: =IF(AND(E21="利用可",G21="利用可",I21="利用可"),"利用可","不可") -> 不可 | Q21: =IF(AND(K21="利用可",M21="利用可",O21="利用可"),"利用可","不可") -> 不可 | R21: 8-2の排気・吸気温度が欠け（判定不能）
A22: 46251 | B22: 月 | C22: 平日 | D22: =COUNTIFS(時間ごとの判定!$A$3:$A$1850,$A22,時間ごとの判定!$B$3:$B$1850,">="&判定条件!$C$10,時間ごとの判定!$B$3:$B$1850,"<="&判定条件!$C$11,時間ごとの判定!$AH$3:$AH$1850,"利用可") -> 9 | E22: =IF(D22>=判定条件!$C$12,"利用可","不可") -> 利用可 | F22: =COUNTIFS(時間ごとの判定!$A$3:$A$1850,$A22,時間ごとの判定!$B$3:$B$1850,">="&判定条件!$C$10,時間ごとの判定!$B$3:$B$1850,"<="&判定条件!$C$11,時間ごとの判定!$AK$3:$AK$1850,"利用可") -> 0 | G22: =IF(F22>=判定条件!$C$12,"利用可","不可") -> 不可 | H22: =COUNTIFS(時間ごとの判定!$A$3:$A$1850,$A22,時間ごとの判定!$B$3:$B$1850,">="&判定条件!$C$10,時間ごとの判定!$B$3:$B$1850,"<="&判定条件!$C$11,時間ごとの判定!$AN$3:$AN$1850,"利用可") -> 9 | I22: =IF(H22>=判定条件!$C$12,"利用可","不可") -> 利用可 | J22: =COUNTIFS(時間ごとの判定!$A$3:$A$1850,$A22,時間ごとの判定!$B$3:$B$1850,">="&判定条件!$C$10,時間ごとの判定!$B$3:$B$1850,"<="&判定条件!$C$11,時間ごとの判定!$AQ$3:$AQ$1850,"利用可") -> 9 | K22: =IF(J22>=判定条件!$C$12,"利用可","不可") -> 利用可 | L22: =COUNTIFS(時間ごとの判定!$A$3:$A$1850,$A22,時間ごとの判定!$B$3:$B$1850,">="&判定条件!$C$10,時間ごとの判定!$B$3:$B$1850,"<="&判定条件!$C$11,時間ごとの判定!$AT$3:$AT$1850,"利用可") -> 8 | M22: =IF(L22>=判定条件!$C$12,"利用可","不可") -> 利用可 | N22: =COUNTIFS(時間ごとの判定!$A$3:$A$1850,$A22,時間ごとの判定!$B$3:$B$1850,">="&判定条件!$C$10,時間ごとの判定!$B$3:$B$1850,"<="&判定条件!$C$11,時間ごとの判定!$AW$3:$AW$1850,"利用可") -> 9 | O22: =IF(N22>=判定条件!$C$12,"利用可","不可") -> 利用可 | P22: =IF(AND(E22="利用可",G22="利用可",I22="利用可"),"利用可","不可") -> 不可 | Q22: =IF(AND(K22="利用可",M22="利用可",O22="利用可"),"利用可","不可") -> 利用可 | R22: 8-2の排気・吸気温度が欠け（判定不能）
A23: 46252 | B23: 火 | C23: 平日 | D23: =COUNTIFS(時間ごとの判定!$A$3:$A$1850,$A23,時間ごとの判定!$B$3:$B$1850,">="&判定条件!$C$10,時間ごとの判定!$B$3:$B$1850,"<="&判定条件!$C$11,時間ごとの判定!$AH$3:$AH$1850,"利用可") -> 9 | E23: =IF(D23>=判定条件!$C$12,"利用可","不可") -> 利用可 | F23: =COUNTIFS(時間ごとの判定!$A$3:$A$1850,$A23,時間ごとの判定!$B$3:$B$1850,">="&判定条件!$C$10,時間ごとの判定!$B$3:$B$1850,"<="&判定条件!$C$11,時間ごとの判定!$AK$3:$AK$1850,"利用可") -> 0 | G23: =IF(F23>=判定条件!$C$12,"利用可","不可") -> 不可 | H23: =COUNTIFS(時間ごとの判定!$A$3:$A$1850,$A23,時間ごとの判定!$B$3:$B$1850,">="&判定条件!$C$10,時間ごとの判定!$B$3:$B$1850,"<="&判定条件!$C$11,時間ごとの判定!$AN$3:$AN$1850,"利用可") -> 9 | I23: =IF(H23>=判定条件!$C$12,"利用可","不可") -> 利用可 | J23: =COUNTIFS(時間ごとの判定!$A$3:$A$1850,$A23,時間ごとの判定!$B$3:$B$1850,">="&判定条件!$C$10,時間ごとの判定!$B$3:$B$1850,"<="&判定条件!$C$11,時間ごとの判定!$AQ$3:$AQ$1850,"利用可") -> 9 | K23: =IF(J23>=判定条件!$C$12,"利用可","不可") -> 利用可 | L23: =COUNTIFS(時間ごとの判定!$A$3:$A$1850,$A23,時間ごとの判定!$B$3:$B$1850,">="&判定条件!$C$10,時間ごとの判定!$B$3:$B$1850,"<="&判定条件!$C$11,時間ごとの判定!$AT$3:$AT$1850,"利用可") -> 9 | M23: =IF(L23>=判定条件!$C$12,"利用可","不可") -> 利用可 | N23: =COUNTIFS(時間ごとの判定!$A$3:$A$1850,$A23,時間ごとの判定!$B$3:$B$1850,">="&判定条件!$C$10,時間ごとの判定!$B$3:$B$1850,"<="&判定条件!$C$11,時間ごとの判定!$AW$3:$AW$1850,"利用可") -> 9 | O23: =IF(N23>=判定条件!$C$12,"利用可","不可") -> 利用可 | P23: =IF(AND(E23="利用可",G23="利用可",I23="利用可"),"利用可","不可") -> 不可 | Q23: =IF(AND(K23="利用可",M23="利用可",O23="利用可"),"利用可","不可") -> 利用可 | R23: 8-2の排気・吸気温度が欠け（判定不能）
A24: 46253 | B24: 水 | C24: 平日 | D24: =COUNTIFS(時間ごとの判定!$A$3:$A$1850,$A24,時間ごとの判定!$B$3:$B$1850,">="&判定条件!$C$10,時間ごとの判定!$B$3:$B$1850,"<="&判定条件!$C$11,時間ごとの判定!$AH$3:$AH$1850,"利用可") -> 9 | E24: =IF(D24>=判定条件!$C$12,"利用可","不可") -> 利用可 | F24: =COUNTIFS(時間ごとの判定!$A$3:$A$1850,$A24,時間ごとの判定!$B$3:$B$1850,">="&判定条件!$C$10,時間ごとの判定!$B$3:$B$1850,"<="&判定条件!$C$11,時間ごとの判定!$AK$3:$AK$1850,"利用可") -> 0 | G24: =IF(F24>=判定条件!$C$12,"利用可","不可") -> 不可 | H24: =COUNTIFS(時間ごとの判定!$A$3:$A$1850,$A24,時間ごとの判定!$B$3:$B$1850,">="&判定条件!$C$10,時間ごとの判定!$B$3:$B$1850,"<="&判定条件!$C$11,時間ごとの判定!$AN$3:$AN$1850,"利用可") -> 8 | I24: =IF(H24>=判定条件!$C$12,"利用可","不可") -> 利用可 | J24: =COUNTIFS(時間ごとの判定!$A$3:$A$1850,$A24,時間ごとの判定!$B$3:$B$1850,">="&判定条件!$C$10,時間ごとの判定!$B$3:$B$1850,"<="&判定条件!$C$11,時間ごとの判定!$AQ$3:$AQ$1850,"利用可") -> 9 | K24: =IF(J24>=判定条件!$C$12,"利用可","不可") -> 利用可 | L24: =COUNTIFS(時間ごとの判定!$A$3:$A$1850,$A24,時間ごとの判定!$B$3:$B$1850,">="&判定条件!$C$10,時間ごとの判定!$B$3:$B$1850,"<="&判定条件!$C$11,時間ごとの判定!$AT$3:$AT$1850,"利用可") -> 8 | M24: =IF(L24>=判定条件!$C$12,"利用可","不可") -> 利用可 | N24: =COUNTIFS(時間ごとの判定!$A$3:$A$1850,$A24,時間ごとの判定!$B$3:$B$1850,">="&判定条件!$C$10,時間ごとの判定!$B$3:$B$1850,"<="&判定条件!$C$11,時間ごとの判定!$AW$3:$AW$1850,"利用可") -> 9 | O24: =IF(N24>=判定条件!$C$12,"利用可","不可") -> 利用可 | P24: =IF(AND(E24="利用可",G24="利用可",I24="利用可"),"利用可","不可") -> 不可 | Q24: =IF(AND(K24="利用可",M24="利用可",O24="利用可"),"利用可","不可") -> 利用可 | R24: 8-2の排気・吸気温度が欠け（判定不能）
A25: 46254 | B25: 木 | C25: 平日 | D25: =COUNTIFS(時間ごとの判定!$A$3:$A$1850,$A25,時間ごとの判定!$B$3:$B$1850,">="&判定条件!$C$10,時間ごとの判定!$B$3:$B$1850,"<="&判定条件!$C$11,時間ごとの判定!$AH$3:$AH$1850,"利用可") -> 9 | E25: =IF(D25>=判定条件!$C$12,"利用可","不可") -> 利用可 | F25: =COUNTIFS(時間ごとの判定!$A$3:$A$1850,$A25,時間ごとの判定!$B$3:$B$1850,">="&判定条件!$C$10,時間ごとの判定!$B$3:$B$1850,"<="&判定条件!$C$11,時間ごとの判定!$AK$3:$AK$1850,"利用可") -> 0 | G25: =IF(F25>=判定条件!$C$12,"利用可","不可") -> 不可 | H25: =COUNTIFS(時間ごとの判定!$A$3:$A$1850,$A25,時間ごとの判定!$B$3:$B$1850,">="&判定条件!$C$10,時間ごとの判定!$B$3:$B$1850,"<="&判定条件!$C$11,時間ごとの判定!$AN$3:$AN$1850,"利用可") -> 9 | I25: =IF(H25>=判定条件!$C$12,"利用可","不可") -> 利用可 | J25: =COUNTIFS(時間ごとの判定!$A$3:$A$1850,$A25,時間ごとの判定!$B$3:$B$1850,">="&判定条件!$C$10,時間ごとの判定!$B$3:$B$1850,"<="&判定条件!$C$11,時間ごとの判定!$AQ$3:$AQ$1850,"利用可") -> 9 | K25: =IF(J25>=判定条件!$C$12,"利用可","不可") -> 利用可 | L25: =COUNTIFS(時間ごとの判定!$A$3:$A$1850,$A25,時間ごとの判定!$B$3:$B$1850,">="&判定条件!$C$10,時間ごとの判定!$B$3:$B$1850,"<="&判定条件!$C$11,時間ごとの判定!$AT$3:$AT$1850,"利用可") -> 8 | M25: =IF(L25>=判定条件!$C$12,"利用可","不可") -> 利用可 | N25: =COUNTIFS(時間ごとの判定!$A$3:$A$1850,$A25,時間ごとの判定!$B$3:$B$1850,">="&判定条件!$C$10,時間ごとの判定!$B$3:$B$1850,"<="&判定条件!$C$11,時間ごとの判定!$AW$3:$AW$1850,"利用可") -> 9 | O25: =IF(N25>=判定条件!$C$12,"利用可","不可") -> 利用可 | P25: =IF(AND(E25="利用可",G25="利用可",I25="利用可"),"利用可","不可") -> 不可 | Q25: =IF(AND(K25="利用可",M25="利用可",O25="利用可"),"利用可","不可") -> 利用可 | R25: 8-2の排気・吸気温度が欠け（判定不能）
A26: 46255 | B26: 金 | C26: 平日 | D26: =COUNTIFS(時間ごとの判定!$A$3:$A$1850,$A26,時間ごとの判定!$B$3:$B$1850,">="&判定条件!$C$10,時間ごとの判定!$B$3:$B$1850,"<="&判定条件!$C$11,時間ごとの判定!$AH$3:$AH$1850,"利用可") -> 9 | E26: =IF(D26>=判定条件!$C$12,"利用可","不可") -> 利用可 | F26: =COUNTIFS(時間ごとの判定!$A$3:$A$1850,$A26,時間ごとの判定!$B$3:$B$1850,">="&判定条件!$C$10,時間ごとの判定!$B$3:$B$1850,"<="&判定条件!$C$11,時間ごとの判定!$AK$3:$AK$1850,"利用可") -> 0 | G26: =IF(F26>=判定条件!$C$12,"利用可","不可") -> 不可 | H26: =COUNTIFS(時間ごとの判定!$A$3:$A$1850,$A26,時間ごとの判定!$B$3:$B$1850,">="&判定条件!$C$10,時間ごとの判定!$B$3:$B$1850,"<="&判定条件!$C$11,時間ごとの判定!$AN$3:$AN$1850,"利用可") -> 9 | I26: =IF(H26>=判定条件!$C$12,"利用可","不可") -> 利用可 | J26: =COUNTIFS(時間ごとの判定!$A$3:$A$1850,$A26,時間ごとの判定!$B$3:$B$1850,">="&判定条件!$C$10,時間ごとの判定!$B$3:$B$1850,"<="&判定条件!$C$11,時間ごとの判定!$AQ$3:$AQ$1850,"利用可") -> 9 | K26: =IF(J26>=判定条件!$C$12,"利用可","不可") -> 利用可 | L26: =COUNTIFS(時間ごとの判定!$A$3:$A$1850,$A26,時間ごとの判定!$B$3:$B$1850,">="&判定条件!$C$10,時間ごとの判定!$B$3:$B$1850,"<="&判定条件!$C$11,時間ごとの判定!$AT$3:$AT$1850,"利用可") -> 9 | M26: =IF(L26>=判定条件!$C$12,"利用可","不可") -> 利用可 | N26: =COUNTIFS(時間ごとの判定!$A$3:$A$1850,$A26,時間ごとの判定!$B$3:$B$1850,">="&判定条件!$C$10,時間ごとの判定!$B$3:$B$1850,"<="&判定条件!$C$11,時間ごとの判定!$AW$3:$AW$1850,"利用可") -> 9 | O26: =IF(N26>=判定条件!$C$12,"利用可","不可") -> 利用可 | P26: =IF(AND(E26="利用可",G26="利用可",I26="利用可"),"利用可","不可") -> 不可 | Q26: =IF(AND(K26="利用可",M26="利用可",O26="利用可"),"利用可","不可") -> 利用可 | R26: 8-2の排気・吸気温度が欠け（判定不能）
A27: 46256 | B27: 土 | C27: 土日 | D27: =COUNTIFS(時間ごとの判定!$A$3:$A$1850,$A27,時間ごとの判定!$B$3:$B$1850,">="&判定条件!$C$10,時間ごとの判定!$B$3:$B$1850,"<="&判定条件!$C$11,時間ごとの判定!$AH$3:$AH$1850,"利用可") -> 7 | E27: =IF(D27>=判定条件!$C$12,"利用可","不可") -> 利用可 | F27: =COUNTIFS(時間ごとの判定!$A$3:$A$1850,$A27,時間ごとの判定!$B$3:$B$1850,">="&判定条件!$C$10,時間ごとの判定!$B$3:$B$1850,"<="&判定条件!$C$11,時間ごとの判定!$AK$3:$AK$1850,"利用可") -> 0 | G27: =IF(F27>=判定条件!$C$12,"利用可","不可") -> 不可 | H27: =COUNTIFS(時間ごとの判定!$A$3:$A$1850,$A27,時間ごとの判定!$B$3:$B$1850,">="&判定条件!$C$10,時間ごとの判定!$B$3:$B$1850,"<="&判定条件!$C$11,時間ごとの判定!$AN$3:$AN$1850,"利用可") -> 4 | I27: =IF(H27>=判定条件!$C$12,"利用可","不可") -> 不可 | J27: =COUNTIFS(時間ごとの判定!$A$3:$A$1850,$A27,時間ごとの判定!$B$3:$B$1850,">="&判定条件!$C$10,時間ごとの判定!$B$3:$B$1850,"<="&判定条件!$C$11,時間ごとの判定!$AQ$3:$AQ$1850,"利用可") -> 8 | K27: =IF(J27>=判定条件!$C$12,"利用可","不可") -> 利用可 | L27: =COUNTIFS(時間ごとの判定!$A$3:$A$1850,$A27,時間ごとの判定!$B$3:$B$1850,">="&判定条件!$C$10,時間ごとの判定!$B$3:$B$1850,"<="&判定条件!$C$11,時間ごとの判定!$AT$3:$AT$1850,"利用可") -> 6 | M27: =IF(L27>=判定条件!$C$12,"利用可","不可") -> 不可 | N27: =COUNTIFS(時間ごとの判定!$A$3:$A$1850,$A27,時間ごとの判定!$B$3:$B$1850,">="&判定条件!$C$10,時間ごとの判定!$B$3:$B$1850,"<="&判定条件!$C$11,時間ごとの判定!$AW$3:$AW$1850,"利用可") -> 9 | O27: =IF(N27>=判定条件!$C$12,"利用可","不可") -> 利用可 | P27: =IF(AND(E27="利用可",G27="利用可",I27="利用可"),"利用可","不可") -> 不可 | Q27: =IF(AND(K27="利用可",M27="利用可",O27="利用可"),"利用可","不可") -> 不可 | R27: 8-2の排気・吸気温度が欠け（判定不能）
A28: 46257 | B28: 日 | C28: 土日 | D28: =COUNTIFS(時間ごとの判定!$A$3:$A$1850,$A28,時間ごとの判定!$B$3:$B$1850,">="&判定条件!$C$10,時間ごとの判定!$B$3:$B$1850,"<="&判定条件!$C$11,時間ごとの判定!$AH$3:$AH$1850,"利用可") -> 7 | E28: =IF(D28>=判定条件!$C$12,"利用可","不可") -> 利用可 | F28: =COUNTIFS(時間ごとの判定!$A$3:$A$1850,$A28,時間ごとの判定!$B$3:$B$1850,">="&判定条件!$C$10,時間ごとの判定!$B$3:$B$1850,"<="&判定条件!$C$11,時間ごとの判定!$AK$3:$AK$1850,"利用可") -> 0 | G28: =IF(F28>=判定条件!$C$12,"利用可","不可") -> 不可 | H28: =COUNTIFS(時間ごとの判定!$A$3:$A$1850,$A28,時間ごとの判定!$B$3:$B$1850,">="&判定条件!$C$10,時間ごとの判定!$B$3:$B$1850,"<="&判定条件!$C$11,時間ごとの判定!$AN$3:$AN$1850,"利用可") -> 3 | I28: =IF(H28>=判定条件!$C$12,"利用可","不可") -> 不可 | J28: =COUNTIFS(時間ごとの判定!$A$3:$A$1850,$A28,時間ごとの判定!$B$3:$B$1850,">="&判定条件!$C$10,時間ごとの判定!$B$3:$B$1850,"<="&判定条件!$C$11,時間ごとの判定!$AQ$3:$AQ$1850,"利用可") -> 7 | K28: =IF(J28>=判定条件!$C$12,"利用可","不可") -> 利用可 | L28: =COUNTIFS(時間ごとの判定!$A$3:$A$1850,$A28,時間ごとの判定!$B$3:$B$1850,">="&判定条件!$C$10,時間ごとの判定!$B$3:$B$1850,"<="&判定条件!$C$11,時間ごとの判定!$AT$3:$AT$1850,"利用可") -> 5 | M28: =IF(L28>=判定条件!$C$12,"利用可","不可") -> 不可 | N28: =COUNTIFS(時間ごとの判定!$A$3:$A$1850,$A28,時間ごとの判定!$B$3:$B$1850,">="&判定条件!$C$10,時間ごとの判定!$B$3:$B$1850,"<="&判定条件!$C$11,時間ごとの判定!$AW$3:$AW$1850,"利用可") -> 9 | O28: =IF(N28>=判定条件!$C$12,"利用可","不可") -> 利用可 | P28: =IF(AND(E28="利用可",G28="利用可",I28="利用可"),"利用可","不可") -> 不可 | Q28: =IF(AND(K28="利用可",M28="利用可",O28="利用可"),"利用可","不可") -> 不可 | R28: 8-2の排気・吸気温度が欠け（判定不能）
A29: 46258 | B29: 月 | C29: 平日 | D29: =COUNTIFS(時間ごとの判定!$A$3:$A$1850,$A29,時間ごとの判定!$B$3:$B$1850,">="&判定条件!$C$10,時間ごとの判定!$B$3:$B$1850,"<="&判定条件!$C$11,時間ごとの判定!$AH$3:$AH$1850,"利用可") -> 9 | E29: =IF(D29>=判定条件!$C$12,"利用可","不可") -> 利用可 | F29: =COUNTIFS(時間ごとの判定!$A$3:$A$1850,$A29,時間ごとの判定!$B$3:$B$1850,">="&判定条件!$C$10,時間ごとの判定!$B$3:$B$1850,"<="&判定条件!$C$11,時間ごとの判定!$AK$3:$AK$1850,"利用可") -> 0 | G29: =IF(F29>=判定条件!$C$12,"利用可","不可") -> 不可 | H29: =COUNTIFS(時間ごとの判定!$A$3:$A$1850,$A29,時間ごとの判定!$B$3:$B$1850,">="&判定条件!$C$10,時間ごとの判定!$B$3:$B$1850,"<="&判定条件!$C$11,時間ごとの判定!$AN$3:$AN$1850,"利用可") -> 9 | I29: =IF(H29>=判定条件!$C$12,"利用可","不可") -> 利用可 | J29: =COUNTIFS(時間ごとの判定!$A$3:$A$1850,$A29,時間ごとの判定!$B$3:$B$1850,">="&判定条件!$C$10,時間ごとの判定!$B$3:$B$1850,"<="&判定条件!$C$11,時間ごとの判定!$AQ$3:$AQ$1850,"利用可") -> 9 | K29: =IF(J29>=判定条件!$C$12,"利用可","不可") -> 利用可 | L29: =COUNTIFS(時間ごとの判定!$A$3:$A$1850,$A29,時間ごとの判定!$B$3:$B$1850,">="&判定条件!$C$10,時間ごとの判定!$B$3:$B$1850,"<="&判定条件!$C$11,時間ごとの判定!$AT$3:$AT$1850,"利用可") -> 9 | M29: =IF(L29>=判定条件!$C$12,"利用可","不可") -> 利用可 | N29: =COUNTIFS(時間ごとの判定!$A$3:$A$1850,$A29,時間ごとの判定!$B$3:$B$1850,">="&判定条件!$C$10,時間ごとの判定!$B$3:$B$1850,"<="&判定条件!$C$11,時間ごとの判定!$AW$3:$AW$1850,"利用可") -> 9 | O29: =IF(N29>=判定条件!$C$12,"利用可","不可") -> 利用可 | P29: =IF(AND(E29="利用可",G29="利用可",I29="利用可"),"利用可","不可") -> 不可 | Q29: =IF(AND(K29="利用可",M29="利用可",O29="利用可"),"利用可","不可") -> 利用可 | R29: 8-2の排気・吸気温度が欠け（判定不能）
A30: 46259 | B30: 火 | C30: 平日 | D30: =COUNTIFS(時間ごとの判定!$A$3:$A$1850,$A30,時間ごとの判定!$B$3:$B$1850,">="&判定条件!$C$10,時間ごとの判定!$B$3:$B$1850,"<="&判定条件!$C$11,時間ごとの判定!$AH$3:$AH$1850,"利用可") -> 9 | E30: =IF(D30>=判定条件!$C$12,"利用可","不可") -> 利用可 | F30: =COUNTIFS(時間ごとの判定!$A$3:$A$1850,$A30,時間ごとの判定!$B$3:$B$1850,">="&判定条件!$C$10,時間ごとの判定!$B$3:$B$1850,"<="&判定条件!$C$11,時間ごとの判定!$AK$3:$AK$1850,"利用可") -> 0 | G30: =IF(F30>=判定条件!$C$12,"利用可","不可") -> 不可 | H30: =COUNTIFS(時間ごとの判定!$A$3:$A$1850,$A30,時間ごとの判定!$B$3:$B$1850,">="&判定条件!$C$10,時間ごとの判定!$B$3:$B$1850,"<="&判定条件!$C$11,時間ごとの判定!$AN$3:$AN$1850,"利用可") -> 9 | I30: =IF(H30>=判定条件!$C$12,"利用可","不可") -> 利用可 | J30: =COUNTIFS(時間ごとの判定!$A$3:$A$1850,$A30,時間ごとの判定!$B$3:$B$1850,">="&判定条件!$C$10,時間ごとの判定!$B$3:$B$1850,"<="&判定条件!$C$11,時間ごとの判定!$AQ$3:$AQ$1850,"利用可") -> 9 | K30: =IF(J30>=判定条件!$C$12,"利用可","不可") -> 利用可 | L30: =COUNTIFS(時間ごとの判定!$A$3:$A$1850,$A30,時間ごとの判定!$B$3:$B$1850,">="&判定条件!$C$10,時間ごとの判定!$B$3:$B$1850,"<="&判定条件!$C$11,時間ごとの判定!$AT$3:$AT$1850,"利用可") -> 9 | M30: =IF(L30>=判定条件!$C$12,"利用可","不可") -> 利用可 | N30: =COUNTIFS(時間ごとの判定!$A$3:$A$1850,$A30,時間ごとの判定!$B$3:$B$1850,">="&判定条件!$C$10,時間ごとの判定!$B$3:$B$1850,"<="&判定条件!$C$11,時間ごとの判定!$AW$3:$AW$1850,"利用可") -> 9 | O30: =IF(N30>=判定条件!$C$12,"利用可","不可") -> 利用可 | P30: =IF(AND(E30="利用可",G30="利用可",I30="利用可"),"利用可","不可") -> 不可 | Q30: =IF(AND(K30="利用可",M30="利用可",O30="利用可"),"利用可","不可") -> 利用可 | R30: 8-2の排気・吸気温度が欠け（判定不能）
... A33: 46262 | B33: 金 | C33: 平日 | D33: =COUNTIFS(時間ごとの判定!$A$3:$A$1850,$A33,時間ごとの判定!$B$3:$B$1850,">="&判定条件!$C$10,時間ごとの判定!$B$3:$B$1850,"<="&判定条件!$C$11,時間ごとの判定!$AH$3:$AH$1850,"利用可") -> 6 | E33: =IF(D33>=判定条件!$C$12,"利用可","不可") -> 不可 | F33: =COUNTIFS(時間ごとの判定!$A$3:$A$1850,$A33,時間ごとの判定!$B$3:$B$1850,">="&判定条件!$C$10,時間ごとの判定!$B$3:$B$1850,"<="&判定条件!$C$11,時間ごとの判定!$AK$3:$AK$1850,"利用可") -> 6 | G33: =IF(F33>=判定条件!$C$12,"利用可","不可") -> 不可 | H33: =COUNTIFS(時間ごとの判定!$A$3:$A$1850,$A33,時間ごとの判定!$B$3:$B$1850,">="&判定条件!$C$10,時間ごとの判定!$B$3:$B$1850,"<="&判定条件!$C$11,時間ごとの判定!$AN$3:$AN$1850,"利用可") -> 7 | I33: =IF(H33>=判定条件!$C$12,"利用可","不可") -> 利用可 | J33: =COUNTIFS(時間ごとの判定!$A$3:$A$1850,$A33,時間ごとの判定!$B$3:$B$1850,">="&判定条件!$C$10,時間ごとの判定!$B$3:$B$1850,"<="&判定条件!$C$11,時間ごとの判定!$AQ$3:$AQ$1850,"利用可") -> 9 | K33: =IF(J33>=判定条件!$C$12,"利用可","不可") -> 利用可 | L33: =COUNTIFS(時間ごとの判定!$A$3:$A$1850,$A33,時間ごとの判定!$B$3:$B$1850,">="&判定条件!$C$10,時間ごとの判定!$B$3:$B$1850,"<="&判定条件!$C$11,時間ごとの判定!$AT$3:$AT$1850,"利用可") -> 9 | M33: =IF(L33>=判定条件!$C$12,"利用可","不可") -> 利用可 | N33: =COUNTIFS(時間ごとの判定!$A$3:$A$1850,$A33,時間ごとの判定!$B$3:$B$1850,">="&判定条件!$C$10,時間ごとの判定!$B$3:$B$1850,"<="&判定条件!$C$11,時間ごとの判定!$AW$3:$AW$1850,"利用可") -> 9 | O33: =IF(N33>=判定条件!$C$12,"利用可","不可") -> 利用可 | P33: =IF(AND(E33="利用可",G33="利用可",I33="利用可"),"利用可","不可") -> 不可 | Q33: =IF(AND(K33="利用可",M33="利用可",O33="利用可"),"利用可","不可") -> 利用可 | R33: 8-2の排気・吸気温度が欠け（判定不能）
A34: 46263 | B34: 土 | C34: 土日 | D34: =COUNTIFS(時間ごとの判定!$A$3:$A$1850,$A34,時間ごとの判定!$B$3:$B$1850,">="&判定条件!$C$10,時間ごとの判定!$B$3:$B$1850,"<="&判定条件!$C$11,時間ごとの判定!$AH$3:$AH$1850,"利用可") -> 0 | E34: =IF(D34>=判定条件!$C$12,"利用可","不可") -> 不可 | F34: =COUNTIFS(時間ごとの判定!$A$3:$A$1850,$A34,時間ごとの判定!$B$3:$B$1850,">="&判定条件!$C$10,時間ごとの判定!$B$3:$B$1850,"<="&判定条件!$C$11,時間ごとの判定!$AK$3:$AK$1850,"利用可") -> 4 | G34: =IF(F34>=判定条件!$C$12,"利用可","不可") -> 不可 | H34: =COUNTIFS(時間ごとの判定!$A$3:$A$1850,$A34,時間ごとの判定!$B$3:$B$1850,">="&判定条件!$C$10,時間ごとの判定!$B$3:$B$1850,"<="&判定条件!$C$11,時間ごとの判定!$AN$3:$AN$1850,"利用可") -> 6 | I34: =IF(H34>=判定条件!$C$12,"利用可","不可") -> 不可 | J34: =COUNTIFS(時間ごとの判定!$A$3:$A$1850,$A34,時間ごとの判定!$B$3:$B$1850,">="&判定条件!$C$10,時間ごとの判定!$B$3:$B$1850,"<="&判定条件!$C$11,時間ごとの判定!$AQ$3:$AQ$1850,"利用可") -> 7 | K34: =IF(J34>=判定条件!$C$12,"利用可","不可") -> 利用可 | L34: =COUNTIFS(時間ごとの判定!$A$3:$A$1850,$A34,時間ごとの判定!$B$3:$B$1850,">="&判定条件!$C$10,時間ごとの判定!$B$3:$B$1850,"<="&判定条件!$C$11,時間ごとの判定!$AT$3:$AT$1850,"利用可") -> 3 | M34: =IF(L34>=判定条件!$C$12,"利用可","不可") -> 不可 | N34: =COUNTIFS(時間ごとの判定!$A$3:$A$1850,$A34,時間ごとの判定!$B$3:$B$1850,">="&判定条件!$C$10,時間ごとの判定!$B$3:$B$1850,"<="&判定条件!$C$11,時間ごとの判定!$AW$3:$AW$1850,"利用可") -> 9 | O34: =IF(N34>=判定条件!$C$12,"利用可","不可") -> 利用可 | P34: =IF(AND(E34="利用可",G34="利用可",I34="利用可"),"利用可","不可") -> 不可 | Q34: =IF(AND(K34="利用可",M34="利用可",O34="利用可"),"利用可","不可") -> 不可
A35: 46264 | B35: 日 | C35: 土日 | D35: =COUNTIFS(時間ごとの判定!$A$3:$A$1850,$A35,時間ごとの判定!$B$3:$B$1850,">="&判定条件!$C$10,時間ごとの判定!$B$3:$B$1850,"<="&判定条件!$C$11,時間ごとの判定!$AH$3:$AH$1850,"利用可") -> 7 | E35: =IF(D35>=判定条件!$C$12,"利用可","不可") -> 利用可 | F35: =COUNTIFS(時間ごとの判定!$A$3:$A$1850,$A35,時間ごとの判定!$B$3:$B$1850,">="&判定条件!$C$10,時間ごとの判定!$B$3:$B$1850,"<="&判定条件!$C$11,時間ごとの判定!$AK$3:$AK$1850,"利用可") -> 0 | G35: =IF(F35>=判定条件!$C$12,"利用可","不可") -> 不可 | H35: =COUNTIFS(時間ごとの判定!$A$3:$A$1850,$A35,時間ごとの判定!$B$3:$B$1850,">="&判定条件!$C$10,時間ごとの判定!$B$3:$B$1850,"<="&判定条件!$C$11,時間ごとの判定!$AN$3:$AN$1850,"利用可") -> 5 | I35: =IF(H35>=判定条件!$C$12,"利用可","不可") -> 不可 | J35: =COUNTIFS(時間ごとの判定!$A$3:$A$1850,$A35,時間ごとの判定!$B$3:$B$1850,">="&判定条件!$C$10,時間ごとの判定!$B$3:$B$1850,"<="&判定条件!$C$11,時間ごとの判定!$AQ$3:$AQ$1850,"利用可") -> 7 | K35: =IF(J35>=判定条件!$C$12,"利用可","不可") -> 利用可 | L35: =COUNTIFS(時間ごとの判定!$A$3:$A$1850,$A35,時間ごとの判定!$B$3:$B$1850,">="&判定条件!$C$10,時間ごとの判定!$B$3:$B$1850,"<="&判定条件!$C$11,時間ごとの判定!$AT$3:$AT$1850,"利用可") -> 0 | M35: =IF(L35>=判定条件!$C$12,"利用可","不可") -> 不可 | N35: =COUNTIFS(時間ごとの判定!$A$3:$A$1850,$A35,時間ごとの判定!$B$3:$B$1850,">="&判定条件!$C$10,時間ごとの判定!$B$3:$B$1850,"<="&判定条件!$C$11,時間ごとの判定!$AW$3:$AW$1850,"利用可") -> 8 | O35: =IF(N35>=判定条件!$C$12,"利用可","不可") -> 利用可 | P35: =IF(AND(E35="利用可",G35="利用可",I35="利用可"),"利用可","不可") -> 不可 | Q35: =IF(AND(K35="利用可",M35="利用可",O35="利用可"),"利用可","不可") -> 不可 | R35: 3-2の排気・吸気温度が欠け（判定不能）
A36: 46265 | B36: 月 | C36: 平日 | D36: =COUNTIFS(時間ごとの判定!$A$3:$A$1850,$A36,時間ごとの判定!$B$3:$B$1850,">="&判定条件!$C$10,時間ごとの判定!$B$3:$B$1850,"<="&判定条件!$C$11,時間ごとの判定!$AH$3:$AH$1850,"利用可") -> 8 | E36: =IF(D36>=判定条件!$C$12,"利用可","不可") -> 利用可 | F36: =COUNTIFS(時間ごとの判定!$A$3:$A$1850,$A36,時間ごとの判定!$B$3:$B$1850,">="&判定条件!$C$10,時間ごとの判定!$B$3:$B$1850,"<="&判定条件!$C$11,時間ごとの判定!$AK$3:$AK$1850,"利用可") -> 0 | G36: =IF(F36>=判定条件!$C$12,"利用可","不可") -> 不可 | H36: =COUNTIFS(時間ごとの判定!$A$3:$A$1850,$A36,時間ごとの判定!$B$3:$B$1850,">="&判定条件!$C$10,時間ごとの判定!$B$3:$B$1850,"<="&判定条件!$C$11,時間ごとの判定!$AN$3:$AN$1850,"利用可") -> 8 | I36: =IF(H36>=判定条件!$C$12,"利用可","不可") -> 利用可 | J36: =COUNTIFS(時間ごとの判定!$A$3:$A$1850,$A36,時間ごとの判定!$B$3:$B$1850,">="&判定条件!$C$10,時間ごとの判定!$B$3:$B$1850,"<="&判定条件!$C$11,時間ごとの判定!$AQ$3:$AQ$1850,"利用可") -> 8 | K36: =IF(J36>=判定条件!$C$12,"利用可","不可") -> 利用可 | L36: =COUNTIFS(時間ごとの判定!$A$3:$A$1850,$A36,時間ごとの判定!$B$3:$B$1850,">="&判定条件!$C$10,時間ごとの判定!$B$3:$B$1850,"<="&判定条件!$C$11,時間ごとの判定!$AT$3:$AT$1850,"利用可") -> 0 | M36: =IF(L36>=判定条件!$C$12,"利用可","不可") -> 不可 | N36: =COUNTIFS(時間ごとの判定!$A$3:$A$1850,$A36,時間ごとの判定!$B$3:$B$1850,">="&判定条件!$C$10,時間ごとの判定!$B$3:$B$1850,"<="&判定条件!$C$11,時間ごとの判定!$AW$3:$AW$1850,"利用可") -> 9 | O36: =IF(N36>=判定条件!$C$12,"利用可","不可") -> 利用可 | P36: =IF(AND(E36="利用可",G36="利用可",I36="利用可"),"利用可","不可") -> 不可 | Q36: =IF(AND(K36="利用可",M36="利用可",O36="利用可"),"利用可","不可") -> 不可 | R36: 3-2の排気・吸気温度が欠け（判定不能）
A37: 46266 | B37: 火 | C37: 平日 | D37: =COUNTIFS(時間ごとの判定!$A$3:$A$1850,$A37,時間ごとの判定!$B$3:$B$1850,">="&判定条件!$C$10,時間ごとの判定!$B$3:$B$1850,"<="&判定条件!$C$11,時間ごとの判定!$AH$3:$AH$1850,"利用可") -> 8 | E37: =IF(D37>=判定条件!$C$12,"利用可","不可") -> 利用可 | F37: =COUNTIFS(時間ごとの判定!$A$3:$A$1850,$A37,時間ごとの判定!$B$3:$B$1850,">="&判定条件!$C$10,時間ごとの判定!$B$3:$B$1850,"<="&判定条件!$C$11,時間ごとの判定!$AK$3:$AK$1850,"利用可") -> 0 | G37: =IF(F37>=判定条件!$C$12,"利用可","不可") -> 不可 | H37: =COUNTIFS(時間ごとの判定!$A$3:$A$1850,$A37,時間ごとの判定!$B$3:$B$1850,">="&判定条件!$C$10,時間ごとの判定!$B$3:$B$1850,"<="&判定条件!$C$11,時間ごとの判定!$AN$3:$AN$1850,"利用可") -> 9 | I37: =IF(H37>=判定条件!$C$12,"利用可","不可") -> 利用可 | J37: =COUNTIFS(時間ごとの判定!$A$3:$A$1850,$A37,時間ごとの判定!$B$3:$B$1850,">="&判定条件!$C$10,時間ごとの判定!$B$3:$B$1850,"<="&判定条件!$C$11,時間ごとの判定!$AQ$3:$AQ$1850,"利用可") -> 8 | K37: =IF(J37>=判定条件!$C$12,"利用可","不可") -> 利用可 | L37: =COUNTIFS(時間ごとの判定!$A$3:$A$1850,$A37,時間ごとの判定!$B$3:$B$1850,">="&判定条件!$C$10,時間ごとの判定!$B$3:$B$1850,"<="&判定条件!$C$11,時間ごとの判定!$AT$3:$AT$1850,"利用可") -> 0 | M37: =IF(L37>=判定条件!$C$12,"利用可","不可") -> 不可 | N37: =COUNTIFS(時間ごとの判定!$A$3:$A$1850,$A37,時間ごとの判定!$B$3:$B$1850,">="&判定条件!$C$10,時間ごとの判定!$B$3:$B$1850,"<="&判定条件!$C$11,時間ごとの判定!$AW$3:$AW$1850,"利用可") -> 9 | O37: =IF(N37>=判定条件!$C$12,"利用可","不可") -> 利用可 | P37: =IF(AND(E37="利用可",G37="利用可",I37="利用可"),"利用可","不可") -> 不可 | Q37: =IF(AND(K37="利用可",M37="利用可",O37="利用可"),"利用可","不可") -> 不可 | R37: 3-2の排気・吸気温度が欠け（判定不能）
A38: 46267 | B38: 水 | C38: 平日 | D38: =COUNTIFS(時間ごとの判定!$A$3:$A$1850,$A38,時間ごとの判定!$B$3:$B$1850,">="&判定条件!$C$10,時間ごとの判定!$B$3:$B$1850,"<="&判定条件!$C$11,時間ごとの判定!$AH$3:$AH$1850,"利用可") -> 9 | E38: =IF(D38>=判定条件!$C$12,"利用可","不可") -> 利用可 | F38: =COUNTIFS(時間ごとの判定!$A$3:$A$1850,$A38,時間ごとの判定!$B$3:$B$1850,">="&判定条件!$C$10,時間ごとの判定!$B$3:$B$1850,"<="&判定条件!$C$11,時間ごとの判定!$AK$3:$AK$1850,"利用可") -> 0 | G38: =IF(F38>=判定条件!$C$12,"利用可","不可") -> 不可 | H38: =COUNTIFS(時間ごとの判定!$A$3:$A$1850,$A38,時間ごとの判定!$B$3:$B$1850,">="&判定条件!$C$10,時間ごとの判定!$B$3:$B$1850,"<="&判定条件!$C$11,時間ごとの判定!$AN$3:$AN$1850,"利用可") -> 9 | I38: =IF(H38>=判定条件!$C$12,"利用可","不可") -> 利用可 | J38: =COUNTIFS(時間ごとの判定!$A$3:$A$1850,$A38,時間ごとの判定!$B$3:$B$1850,">="&判定条件!$C$10,時間ごとの判定!$B$3:$B$1850,"<="&判定条件!$C$11,時間ごとの判定!$AQ$3:$AQ$1850,"利用可") -> 9 | K38: =IF(J38>=判定条件!$C$12,"利用可","不可") -> 利用可 | L38: =COUNTIFS(時間ごとの判定!$A$3:$A$1850,$A38,時間ごとの判定!$B$3:$B$1850,">="&判定条件!$C$10,時間ごとの判定!$B$3:$B$1850,"<="&判定条件!$C$11,時間ごとの判定!$AT$3:$AT$1850,"利用可") -> 0 | M38: =IF(L38>=判定条件!$C$12,"利用可","不可") -> 不可 | N38: =COUNTIFS(時間ごとの判定!$A$3:$A$1850,$A38,時間ごとの判定!$B$3:$B$1850,">="&判定条件!$C$10,時間ごとの判定!$B$3:$B$1850,"<="&判定条件!$C$11,時間ごとの判定!$AW$3:$AW$1850,"利用可") -> 9 | O38: =IF(N38>=判定条件!$C$12,"利用可","不可") -> 利用可 | P38: =IF(AND(E38="利用可",G38="利用可",I38="利用可"),"利用可","不可") -> 不可 | Q38: =IF(AND(K38="利用可",M38="利用可",O38="利用可"),"利用可","不可") -> 不可 | R38: 3-2の排気・吸気温度が欠け（判定不能）
A39: 46268 | B39: 木 | C39: 平日 | D39: =COUNTIFS(時間ごとの判定!$A$3:$A$1850,$A39,時間ごとの判定!$B$3:$B$1850,">="&判定条件!$C$10,時間ごとの判定!$B$3:$B$1850,"<="&判定条件!$C$11,時間ごとの判定!$AH$3:$AH$1850,"利用可") -> 9 | E39: =IF(D39>=判定条件!$C$12,"利用可","不可") -> 利用可 | F39: =COUNTIFS(時間ごとの判定!$A$3:$A$1850,$A39,時間ごとの判定!$B$3:$B$1850,">="&判定条件!$C$10,時間ごとの判定!$B$3:$B$1850,"<="&判定条件!$C$11,時間ごとの判定!$AK$3:$AK$1850,"利用可") -> 0 | G39: =IF(F39>=判定条件!$C$12,"利用可","不可") -> 不可 | H39: =COUNTIFS(時間ごとの判定!$A$3:$A$1850,$A39,時間ごとの判定!$B$3:$B$1850,">="&判定条件!$C$10,時間ごとの判定!$B$3:$B$1850,"<="&判定条件!$C$11,時間ごとの判定!$AN$3:$AN$1850,"利用可") -> 9 | I39: =IF(H39>=判定条件!$C$12,"利用可","不可") -> 利用可 | J39: =COUNTIFS(時間ごとの判定!$A$3:$A$1850,$A39,時間ごとの判定!$B$3:$B$1850,">="&判定条件!$C$10,時間ごとの判定!$B$3:$B$1850,"<="&判定条件!$C$11,時間ごとの判定!$AQ$3:$AQ$1850,"利用可") -> 8 | K39: =IF(J39>=判定条件!$C$12,"利用可","不可") -> 利用可 | L39: =COUNTIFS(時間ごとの判定!$A$3:$A$1850,$A39,時間ごとの判定!$B$3:$B$1850,">="&判定条件!$C$10,時間ごとの判定!$B$3:$B$1850,"<="&判定条件!$C$11,時間ごとの判定!$AT$3:$AT$1850,"利用可") -> 0 | M39: =IF(L39>=判定条件!$C$12,"利用可","不可") -> 不可 | N39: =COUNTIFS(時間ごとの判定!$A$3:$A$1850,$A39,時間ごとの判定!$B$3:$B$1850,">="&判定条件!$C$10,時間ごとの判定!$B$3:$B$1850,"<="&判定条件!$C$11,時間ごとの判定!$AW$3:$AW$1850,"利用可") -> 9 | O39: =IF(N39>=判定条件!$C$12,"利用可","不可") -> 利用可 | P39: =IF(AND(E39="利用可",G39="利用可",I39="利用可"),"利用可","不可") -> 不可 | Q39: =IF(AND(K39="利用可",M39="利用可",O39="利用可"),"利用可","不可") -> 不可 | R39: 3-2の排気・吸気温度が欠け（判定不能）
A40: 46269 | B40: 金 | C40: 平日 | D40: =COUNTIFS(時間ごとの判定!$A$3:$A$1850,$A40,時間ごとの判定!$B$3:$B$1850,">="&判定条件!$C$10,時間ごとの判定!$B$3:$B$1850,"<="&判定条件!$C$11,時間ごとの判定!$AH$3:$AH$1850,"利用可") -> 6 | E40: =IF(D40>=判定条件!$C$12,"利用可","不可") -> 不可 | F40: =COUNTIFS(時間ごとの判定!$A$3:$A$1850,$A40,時間ごとの判定!$B$3:$B$1850,">="&判定条件!$C$10,時間ごとの判定!$B$3:$B$1850,"<="&判定条件!$C$11,時間ごとの判定!$AK$3:$AK$1850,"利用可") -> 0 | G40: =IF(F40>=判定条件!$C$12,"利用可","不可") -> 不可 | H40: =COUNTIFS(時間ごとの判定!$A$3:$A$1850,$A40,時間ごとの判定!$B$3:$B$1850,">="&判定条件!$C$10,時間ごとの判定!$B$3:$B$1850,"<="&判定条件!$C$11,時間ごとの判定!$AN$3:$AN$1850,"利用可") -> 9 | I40: =IF(H40>=判定条件!$C$12,"利用可","不可") -> 利用可 | J40: =COUNTIFS(時間ごとの判定!$A$3:$A$1850,$A40,時間ごとの判定!$B$3:$B$1850,">="&判定条件!$C$10,時間ごとの判定!$B$3:$B$1850,"<="&判定条件!$C$11,時間ごとの判定!$AQ$3:$AQ$1850,"利用可") -> 6 | K40: =IF(J40>=判定条件!$C$12,"利用可","不可") -> 不可 | L40: =COUNTIFS(時間ごとの判定!$A$3:$A$1850,$A40,時間ごとの判定!$B$3:$B$1850,">="&判定条件!$C$10,時間ごとの判定!$B$3:$B$1850,"<="&判定条件!$C$11,時間ごとの判定!$AT$3:$AT$1850,"利用可") -> 0 | M40: =IF(L40>=判定条件!$C$12,"利用可","不可") -> 不可 | N40: =COUNTIFS(時間ごとの判定!$A$3:$A$1850,$A40,時間ごとの判定!$B$3:$B$1850,">="&判定条件!$C$10,時間ごとの判定!$B$3:$B$1850,"<="&判定条件!$C$11,時間ごとの判定!$AW$3:$AW$1850,"利用可") -> 9 | O40: =IF(N40>=判定条件!$C$12,"利用可","不可") -> 利用可 | P40: =IF(AND(E40="利用可",G40="利用可",I40="利用可"),"利用可","不可") -> 不可 | Q40: =IF(AND(K40="利用可",M40="利用可",O40="利用可"),"利用可","不可") -> 不可 | R40: 3-2の排気・吸気温度が欠け（判定不能）
A41: 46270 | B41: 土 | C41: 土日 | D41: =COUNTIFS(時間ごとの判定!$A$3:$A$1850,$A41,時間ごとの判定!$B$3:$B$1850,">="&判定条件!$C$10,時間ごとの判定!$B$3:$B$1850,"<="&判定条件!$C$11,時間ごとの判定!$AH$3:$AH$1850,"利用可") -> 6 | E41: =IF(D41>=判定条件!$C$12,"利用可","不可") -> 不可 | F41: =COUNTIFS(時間ごとの判定!$A$3:$A$1850,$A41,時間ごとの判定!$B$3:$B$1850,">="&判定条件!$C$10,時間ごとの判定!$B$3:$B$1850,"<="&判定条件!$C$11,時間ごとの判定!$AK$3:$AK$1850,"利用可") -> 5 | G41: =IF(F41>=判定条件!$C$12,"利用可","不可") -> 不可 | H41: =COUNTIFS(時間ごとの判定!$A$3:$A$1850,$A41,時間ごとの判定!$B$3:$B$1850,">="&判定条件!$C$10,時間ごとの判定!$B$3:$B$1850,"<="&判定条件!$C$11,時間ごとの判定!$AN$3:$AN$1850,"利用可") -> 5 | I41: =IF(H41>=判定条件!$C$12,"利用可","不可") -> 不可 | J41: =COUNTIFS(時間ごとの判定!$A$3:$A$1850,$A41,時間ごとの判定!$B$3:$B$1850,">="&判定条件!$C$10,時間ごとの判定!$B$3:$B$1850,"<="&判定条件!$C$11,時間ごとの判定!$AQ$3:$AQ$1850,"利用可") -> 5 | K41: =IF(J41>=判定条件!$C$12,"利用可","不可") -> 不可 | L41: =COUNTIFS(時間ごとの判定!$A$3:$A$1850,$A41,時間ごとの判定!$B$3:$B$1850,">="&判定条件!$C$10,時間ごとの判定!$B$3:$B$1850,"<="&判定条件!$C$11,時間ごとの判定!$AT$3:$AT$1850,"利用可") -> 3 | M41: =IF(L41>=判定条件!$C$12,"利用可","不可") -> 不可 | N41: =COUNTIFS(時間ごとの判定!$A$3:$A$1850,$A41,時間ごとの判定!$B$3:$B$1850,">="&判定条件!$C$10,時間ごとの判定!$B$3:$B$1850,"<="&判定条件!$C$11,時間ごとの判定!$AW$3:$AW$1850,"利用可") -> 9 | O41: =IF(N41>=判定条件!$C$12,"利用可","不可") -> 利用可 | P41: =IF(AND(E41="利用可",G41="利用可",I41="利用可"),"利用可","不可") -> 不可 | Q41: =IF(AND(K41="利用可",M41="利用可",O41="利用可"),"利用可","不可") -> 不可
A42: 46271 | B42: 日 | C42: 土日 | D42: =COUNTIFS(時間ごとの判定!$A$3:$A$1850,$A42,時間ごとの判定!$B$3:$B$1850,">="&判定条件!$C$10,時間ごとの判定!$B$3:$B$1850,"<="&判定条件!$C$11,時間ごとの判定!$AH$3:$AH$1850,"利用可") -> 0 | E42: =IF(D42>=判定条件!$C$12,"利用可","不可") -> 不可 | F42: =COUNTIFS(時間ごとの判定!$A$3:$A$1850,$A42,時間ごとの判定!$B$3:$B$1850,">="&判定条件!$C$10,時間ごとの判定!$B$3:$B$1850,"<="&判定条件!$C$11,時間ごとの判定!$AK$3:$AK$1850,"利用可") -> 0 | G42: =IF(F42>=判定条件!$C$12,"利用可","不可") -> 不可 | H42: =COUNTIFS(時間ごとの判定!$A$3:$A$1850,$A42,時間ごとの判定!$B$3:$B$1850,">="&判定条件!$C$10,時間ごとの判定!$B$3:$B$1850,"<="&判定条件!$C$11,時間ごとの判定!$AN$3:$AN$1850,"利用可") -> 0 | I42: =IF(H42>=判定条件!$C$12,"利用可","不可") -> 不可 | J42: =COUNTIFS(時間ごとの判定!$A$3:$A$1850,$A42,時間ごとの判定!$B$3:$B$1850,">="&判定条件!$C$10,時間ごとの判定!$B$3:$B$1850,"<="&判定条件!$C$11,時間ごとの判定!$AQ$3:$AQ$1850,"利用可") -> 0 | K42: =IF(J42>=判定条件!$C$12,"利用可","不可") -> 不可 | L42: =COUNTIFS(時間ごとの判定!$A$3:$A$1850,$A42,時間ごとの判定!$B$3:$B$1850,">="&判定条件!$C$10,時間ごとの判定!$B$3:$B$1850,"<="&判定条件!$C$11,時間ごとの判定!$AT$3:$AT$1850,"利用可") -> 0 | M42: =IF(L42>=判定条件!$C$12,"利用可","不可") -> 不可 | N42: =COUNTIFS(時間ごとの判定!$A$3:$A$1850,$A42,時間ごとの判定!$B$3:$B$1850,">="&判定条件!$C$10,時間ごとの判定!$B$3:$B$1850,"<="&判定条件!$C$11,時間ごとの判定!$AW$3:$AW$1850,"利用可") -> 9 | O42: =IF(N42>=判定条件!$C$12,"利用可","不可") -> 利用可 | P42: =IF(AND(E42="利用可",G42="利用可",I42="利用可"),"利用可","不可") -> 不可 | Q42: =IF(AND(K42="利用可",M42="利用可",O42="利用可"),"利用可","不可") -> 不可 | R42: 3-2の排気・吸気温度が欠け（判定不能）
A43: 46272 | B43: 月 | C43: 平日 | D43: =COUNTIFS(時間ごとの判定!$A$3:$A$1850,$A43,時間ごとの判定!$B$3:$B$1850,">="&判定条件!$C$10,時間ごとの判定!$B$3:$B$1850,"<="&判定条件!$C$11,時間ごとの判定!$AH$3:$AH$1850,"利用可") -> 4 | E43: =IF(D43>=判定条件!$C$12,"利用可","不可") -> 不可 | F43: =COUNTIFS(時間ごとの判定!$A$3:$A$1850,$A43,時間ごとの判定!$B$3:$B$1850,">="&判定条件!$C$10,時間ごとの判定!$B$3:$B$1850,"<="&判定条件!$C$11,時間ごとの判定!$AK$3:$AK$1850,"利用可") -> 0 | G43: =IF(F43>=判定条件!$C$12,"利用可","不可") -> 不可 | H43: =COUNTIFS(時間ごとの判定!$A$3:$A$1850,$A43,時間ごとの判定!$B$3:$B$1850,">="&判定条件!$C$10,時間ごとの判定!$B$3:$B$1850,"<="&判定条件!$C$11,時間ごとの判定!$AN$3:$AN$1850,"利用可") -> 5 | I43: =IF(H43>=判定条件!$C$12,"利用可","不可") -> 不可 | J43: =COUNTIFS(時間ごとの判定!$A$3:$A$1850,$A43,時間ごとの判定!$B$3:$B$1850,">="&判定条件!$C$10,時間ごとの判定!$B$3:$B$1850,"<="&判定条件!$C$11,時間ごとの判定!$AQ$3:$AQ$1850,"利用可") -> 2 | K43: =IF(J43>=判定条件!$C$12,"利用可","不可") -> 不可 | L43: =COUNTIFS(時間ごとの判定!$A$3:$A$1850,$A43,時間ごとの判定!$B$3:$B$1850,">="&判定条件!$C$10,時間ごとの判定!$B$3:$B$1850,"<="&判定条件!$C$11,時間ごとの判定!$AT$3:$AT$1850,"利用可") -> 0 | M43: =IF(L43>=判定条件!$C$12,"利用可","不可") -> 不可 | N43: =COUNTIFS(時間ごとの判定!$A$3:$A$1850,$A43,時間ごとの判定!$B$3:$B$1850,">="&判定条件!$C$10,時間ごとの判定!$B$3:$B$1850,"<="&判定条件!$C$11,時間ごとの判定!$AW$3:$AW$1850,"利用可") -> 7 | O43: =IF(N43>=判定条件!$C$12,"利用可","不可") -> 利用可 | P43: =IF(AND(E43="利用可",G43="利用可",I43="利用可"),"利用可","不可") -> 不可 | Q43: =IF(AND(K43="利用可",M43="利用可",O43="利用可"),"利用可","不可") -> 不可 | R43: 3-2の排気・吸気温度が欠け（判定不能）
A44: 46273 | B44: 火 | C44: 平日 | D44: =COUNTIFS(時間ごとの判定!$A$3:$A$1850,$A44,時間ごとの判定!$B$3:$B$1850,">="&判定条件!$C$10,時間ごとの判定!$B$3:$B$1850,"<="&判定条件!$C$11,時間ごとの判定!$AH$3:$AH$1850,"利用可") -> 7 | E44: =IF(D44>=判定条件!$C$12,"利用可","不可") -> 利用可 | F44: =COUNTIFS(時間ごとの判定!$A$3:$A$1850,$A44,時間ごとの判定!$B$3:$B$1850,">="&判定条件!$C$10,時間ごとの判定!$B$3:$B$1850,"<="&判定条件!$C$11,時間ごとの判定!$AK$3:$AK$1850,"利用可") -> 9 | G44: =IF(F44>=判定条件!$C$12,"利用可","不可") -> 利用可 | H44: =COUNTIFS(時間ごとの判定!$A$3:$A$1850,$A44,時間ごとの判定!$B$3:$B$1850,">="&判定条件!$C$10,時間ごとの判定!$B$3:$B$1850,"<="&判定条件!$C$11,時間ごとの判定!$AN$3:$AN$1850,"利用可") -> 8 | I44: =IF(H44>=判定条件!$C$12,"利用可","不可") -> 利用可 | J44: =COUNTIFS(時間ごとの判定!$A$3:$A$1850,$A44,時間ごとの判定!$B$3:$B$1850,">="&判定条件!$C$10,時間ごとの判定!$B$3:$B$1850,"<="&判定条件!$C$11,時間ごとの判定!$AQ$3:$AQ$1850,"利用可") -> 8 | K44: =IF(J44>=判定条件!$C$12,"利用可","不可") -> 利用可 | L44: =COUNTIFS(時間ごとの判定!$A$3:$A$1850,$A44,時間ごとの判定!$B$3:$B$1850,">="&判定条件!$C$10,時間ごとの判定!$B$3:$B$1850,"<="&判定条件!$C$11,時間ごとの判定!$AT$3:$AT$1850,"利用可") -> 8 | M44: =IF(L44>=判定条件!$C$12,"利用可","不可") -> 利用可 | N44: =COUNTIFS(時間ごとの判定!$A$3:$A$1850,$A44,時間ごとの判定!$B$3:$B$1850,">="&判定条件!$C$10,時間ごとの判定!$B$3:$B$1850,"<="&判定条件!$C$11,時間ごとの判定!$AW$3:$AW$1850,"利用可") -> 9 | O44: =IF(N44>=判定条件!$C$12,"利用可","不可") -> 利用可 | P44: =IF(AND(E44="利用可",G44="利用可",I44="利用可"),"利用可","不可") -> 利用可 | Q44: =IF(AND(K44="利用可",M44="利用可",O44="利用可"),"利用可","不可") -> 利用可
A45: 46274 | B45: 水 | C45: 平日 | D45: =COUNTIFS(時間ごとの判定!$A$3:$A$1850,$A45,時間ごとの判定!$B$3:$B$1850,">="&判定条件!$C$10,時間ごとの判定!$B$3:$B$1850,"<="&判定条件!$C$11,時間ごとの判定!$AH$3:$AH$1850,"利用可") -> 7 | E45: =IF(D45>=判定条件!$C$12,"利用可","不可") -> 利用可 | F45: =COUNTIFS(時間ごとの判定!$A$3:$A$1850,$A45,時間ごとの判定!$B$3:$B$1850,">="&判定条件!$C$10,時間ごとの判定!$B$3:$B$1850,"<="&判定条件!$C$11,時間ごとの判定!$AK$3:$AK$1850,"利用可") -> 7 | G45: =IF(F45>=判定条件!$C$12,"利用可","不可") -> 利用可 | H45: =COUNTIFS(時間ごとの判定!$A$3:$A$1850,$A45,時間ごとの判定!$B$3:$B$1850,">="&判定条件!$C$10,時間ごとの判定!$B$3:$B$1850,"<="&判定条件!$C$11,時間ごとの判定!$AN$3:$AN$1850,"利用可") -> 8 | I45: =IF(H45>=判定条件!$C$12,"利用可","不可") -> 利用可 | J45: =COUNTIFS(時間ごとの判定!$A$3:$A$1850,$A45,時間ごとの判定!$B$3:$B$1850,">="&判定条件!$C$10,時間ごとの判定!$B$3:$B$1850,"<="&判定条件!$C$11,時間ごとの判定!$AQ$3:$AQ$1850,"利用可") -> 7 | K45: =IF(J45>=判定条件!$C$12,"利用可","不可") -> 利用可 | L45: =COUNTIFS(時間ごとの判定!$A$3:$A$1850,$A45,時間ごとの判定!$B$3:$B$1850,">="&判定条件!$C$10,時間ごとの判定!$B$3:$B$1850,"<="&判定条件!$C$11,時間ごとの判定!$AT$3:$AT$1850,"利用可") -> 7 | M45: =IF(L45>=判定条件!$C$12,"利用可","不可") -> 利用可 | N45: =COUNTIFS(時間ごとの判定!$A$3:$A$1850,$A45,時間ごとの判定!$B$3:$B$1850,">="&判定条件!$C$10,時間ごとの判定!$B$3:$B$1850,"<="&判定条件!$C$11,時間ごとの判定!$AW$3:$AW$1850,"利用可") -> 9 | O45: =IF(N45>=判定条件!$C$12,"利用可","不可") -> 利用可 | P45: =IF(AND(E45="利用可",G45="利用可",I45="利用可"),"利用可","不可") -> 利用可 | Q45: =IF(AND(K45="利用可",M45="利用可",O45="利用可"),"利用可","不可") -> 利用可
A46: 46275 | B46: 木 | C46: 平日 | D46: =COUNTIFS(時間ごとの判定!$A$3:$A$1850,$A46,時間ごとの判定!$B$3:$B$1850,">="&判定条件!$C$10,時間ごとの判定!$B$3:$B$1850,"<="&判定条件!$C$11,時間ごとの判定!$AH$3:$AH$1850,"利用可") -> 0 | E46: =IF(D46>=判定条件!$C$12,"利用可","不可") -> 不可 | F46: =COUNTIFS(時間ごとの判定!$A$3:$A$1850,$A46,時間ごとの判定!$B$3:$B$1850,">="&判定条件!$C$10,時間ごとの判定!$B$3:$B$1850,"<="&判定条件!$C$11,時間ごとの判定!$AK$3:$AK$1850,"利用可") -> 5 | G46: =IF(F46>=判定条件!$C$12,"利用可","不可") -> 不可 | H46: =COUNTIFS(時間ごとの判定!$A$3:$A$1850,$A46,時間ごとの判定!$B$3:$B$1850,">="&判定条件!$C$10,時間ごとの判定!$B$3:$B$1850,"<="&判定条件!$C$11,時間ごとの判定!$AN$3:$AN$1850,"利用可") -> 7 | I46: =IF(H46>=判定条件!$C$12,"利用可","不可") -> 利用可 | J46: =COUNTIFS(時間ごとの判定!$A$3:$A$1850,$A46,時間ごとの判定!$B$3:$B$1850,">="&判定条件!$C$10,時間ごとの判定!$B$3:$B$1850,"<="&判定条件!$C$11,時間ごとの判定!$AQ$3:$AQ$1850,"利用可") -> 0 | K46: =IF(J46>=判定条件!$C$12,"利用可","不可") -> 不可 | L46: =COUNTIFS(時間ごとの判定!$A$3:$A$1850,$A46,時間ごとの判定!$B$3:$B$1850,">="&判定条件!$C$10,時間ごとの判定!$B$3:$B$1850,"<="&判定条件!$C$11,時間ごとの判定!$AT$3:$AT$1850,"利用可") -> 7 | M46: =IF(L46>=判定条件!$C$12,"利用可","不可") -> 利用可 | N46: =COUNTIFS(時間ごとの判定!$A$3:$A$1850,$A46,時間ごとの判定!$B$3:$B$1850,">="&判定条件!$C$10,時間ごとの判定!$B$3:$B$1850,"<="&判定条件!$C$11,時間ごとの判定!$AW$3:$AW$1850,"利用可") -> 7 | O46: =IF(N46>=判定条件!$C$12,"利用可","不可") -> 利用可 | P46: =IF(AND(E46="利用可",G46="利用可",I46="利用可"),"利用可","不可") -> 不可 | Q46: =IF(AND(K46="利用可",M46="利用可",O46="利用可"),"利用可","不可") -> 不可
A47: 46276 | B47: 金 | C47: 平日 | D47: =COUNTIFS(時間ごとの判定!$A$3:$A$1850,$A47,時間ごとの判定!$B$3:$B$1850,">="&判定条件!$C$10,時間ごとの判定!$B$3:$B$1850,"<="&判定条件!$C$11,時間ごとの判定!$AH$3:$AH$1850,"利用可") -> 0 | E47: =IF(D47>=判定条件!$C$12,"利用可","不可") -> 不可 | F47: =COUNTIFS(時間ごとの判定!$A$3:$A$1850,$A47,時間ごとの判定!$B$3:$B$1850,">="&判定条件!$C$10,時間ごとの判定!$B$3:$B$1850,"<="&判定条件!$C$11,時間ごとの判定!$AK$3:$AK$1850,"利用可") -> 1 | G47: =IF(F47>=判定条件!$C$12,"利用可","不可") -> 不可 | H47: =COUNTIFS(時間ごとの判定!$A$3:$A$1850,$A47,時間ごとの判定!$B$3:$B$1850,">="&判定条件!$C$10,時間ごとの判定!$B$3:$B$1850,"<="&判定条件!$C$11,時間ごとの判定!$AN$3:$AN$1850,"利用可") -> 6 | I47: =IF(H47>=判定条件!$C$12,"利用可","不可") -> 不可 | J47: =COUNTIFS(時間ごとの判定!$A$3:$A$1850,$A47,時間ごとの判定!$B$3:$B$1850,">="&判定条件!$C$10,時間ごとの判定!$B$3:$B$1850,"<="&判定条件!$C$11,時間ごとの判定!$AQ$3:$AQ$1850,"利用可") -> 0 | K47: =IF(J47>=判定条件!$C$12,"利用可","不可") -> 不可 | L47: =COUNTIFS(時間ごとの判定!$A$3:$A$1850,$A47,時間ごとの判定!$B$3:$B$1850,">="&判定条件!$C$10,時間ごとの判定!$B$3:$B$1850,"<="&判定条件!$C$11,時間ごとの判定!$AT$3:$AT$1850,"利用可") -> 1 | M47: =IF(L47>=判定条件!$C$12,"利用可","不可") -> 不可 | N47: =COUNTIFS(時間ごとの判定!$A$3:$A$1850,$A47,時間ごとの判定!$B$3:$B$1850,">="&判定条件!$C$10,時間ごとの判定!$B$3:$B$1850,"<="&判定条件!$C$11,時間ごとの判定!$AW$3:$AW$1850,"利用可") -> 6 | O47: =IF(N47>=判定条件!$C$12,"利用可","不可") -> 不可 | P47: =IF(AND(E47="利用可",G47="利用可",I47="利用可"),"利用可","不可") -> 不可 | Q47: =IF(AND(K47="利用可",M47="利用可",O47="利用可"),"利用可","不可") -> 不可
A48: 46277 | B48: 土 | C48: 土日 | D48: =COUNTIFS(時間ごとの判定!$A$3:$A$1850,$A48,時間ごとの判定!$B$3:$B$1850,">="&判定条件!$C$10,時間ごとの判定!$B$3:$B$1850,"<="&判定条件!$C$11,時間ごとの判定!$AH$3:$AH$1850,"利用可") -> 2 | E48: =IF(D48>=判定条件!$C$12,"利用可","不可") -> 不可 | F48: =COUNTIFS(時間ごとの判定!$A$3:$A$1850,$A48,時間ごとの判定!$B$3:$B$1850,">="&判定条件!$C$10,時間ごとの判定!$B$3:$B$1850,"<="&判定条件!$C$11,時間ごとの判定!$AK$3:$AK$1850,"利用可") -> 0 | G48: =IF(F48>=判定条件!$C$12,"利用可","不可") -> 不可 | H48: =COUNTIFS(時間ごとの判定!$A$3:$A$1850,$A48,時間ごとの判定!$B$3:$B$1850,">="&判定条件!$C$10,時間ごとの判定!$B$3:$B$1850,"<="&判定条件!$C$11,時間ごとの判定!$AN$3:$AN$1850,"利用可") -> 4 | I48: =IF(H48>=判定条件!$C$12,"利用可","不可") -> 不可 | J48: =COUNTIFS(時間ごとの判定!$A$3:$A$1850,$A48,時間ごとの判定!$B$3:$B$1850,">="&判定条件!$C$10,時間ごとの判定!$B$3:$B$1850,"<="&判定条件!$C$11,時間ごとの判定!$AQ$3:$AQ$1850,"利用可") -> 2 | K48: =IF(J48>=判定条件!$C$12,"利用可","不可") -> 不可 | L48: =COUNTIFS(時間ごとの判定!$A$3:$A$1850,$A48,時間ごとの判定!$B$3:$B$1850,">="&判定条件!$C$10,時間ごとの判定!$B$3:$B$1850,"<="&判定条件!$C$11,時間ごとの判定!$AT$3:$AT$1850,"利用可") -> 2 | M48: =IF(L48>=判定条件!$C$12,"利用可","不可") -> 不可 | N48: =COUNTIFS(時間ごとの判定!$A$3:$A$1850,$A48,時間ごとの判定!$B$3:$B$1850,">="&判定条件!$C$10,時間ごとの判定!$B$3:$B$1850,"<="&判定条件!$C$11,時間ごとの判定!$AW$3:$AW$1850,"利用可") -> 7 | O48: =IF(N48>=判定条件!$C$12,"利用可","不可") -> 利用可 | P48: =IF(AND(E48="利用可",G48="利用可",I48="利用可"),"利用可","不可") -> 不可 | Q48: =IF(AND(K48="利用可",M48="利用可",O48="利用可"),"利用可","不可") -> 不可
A49: 46278 | B49: 日 | C49: 土日 | D49: =COUNTIFS(時間ごとの判定!$A$3:$A$1850,$A49,時間ごとの判定!$B$3:$B$1850,">="&判定条件!$C$10,時間ごとの判定!$B$3:$B$1850,"<="&判定条件!$C$11,時間ごとの判定!$AH$3:$AH$1850,"利用可") -> 2 | E49: =IF(D49>=判定条件!$C$12,"利用可","不可") -> 不可 | F49: =COUNTIFS(時間ごとの判定!$A$3:$A$1850,$A49,時間ごとの判定!$B$3:$B$1850,">="&判定条件!$C$10,時間ごとの判定!$B$3:$B$1850,"<="&判定条件!$C$11,時間ごとの判定!$AK$3:$AK$1850,"利用可") -> 4 | G49: =IF(F49>=判定条件!$C$12,"利用可","不可") -> 不可 | H49: =COUNTIFS(時間ごとの判定!$A$3:$A$1850,$A49,時間ごとの判定!$B$3:$B$1850,">="&判定条件!$C$10,時間ごとの判定!$B$3:$B$1850,"<="&判定条件!$C$11,時間ごとの判定!$AN$3:$AN$1850,"利用可") -> 3 | I49: =IF(H49>=判定条件!$C$12,"利用可","不可") -> 不可 | J49: =COUNTIFS(時間ごとの判定!$A$3:$A$1850,$A49,時間ごとの判定!$B$3:$B$1850,">="&判定条件!$C$10,時間ごとの判定!$B$3:$B$1850,"<="&判定条件!$C$11,時間ごとの判定!$AQ$3:$AQ$1850,"利用可") -> 5 | K49: =IF(J49>=判定条件!$C$12,"利用可","不可") -> 不可 | L49: =COUNTIFS(時間ごとの判定!$A$3:$A$1850,$A49,時間ごとの判定!$B$3:$B$1850,">="&判定条件!$C$10,時間ごとの判定!$B$3:$B$1850,"<="&判定条件!$C$11,時間ごとの判定!$AT$3:$AT$1850,"利用可") -> 3 | M49: =IF(L49>=判定条件!$C$12,"利用可","不可") -> 不可 | N49: =COUNTIFS(時間ごとの判定!$A$3:$A$1850,$A49,時間ごとの判定!$B$3:$B$1850,">="&判定条件!$C$10,時間ごとの判定!$B$3:$B$1850,"<="&判定条件!$C$11,時間ごとの判定!$AW$3:$AW$1850,"利用可") -> 5 | O49: =IF(N49>=判定条件!$C$12,"利用可","不可") -> 不可 | P49: =IF(AND(E49="利用可",G49="利用可",I49="利用可"),"利用可","不可") -> 不可 | Q49: =IF(AND(K49="利用可",M49="利用可",O49="利用可"),"利用可","不可") -> 不可
A50: 46279 | B50: 月 | C50: 平日 | D50: =COUNTIFS(時間ごとの判定!$A$3:$A$1850,$A50,時間ごとの判定!$B$3:$B$1850,">="&判定条件!$C$10,時間ごとの判定!$B$3:$B$1850,"<="&判定条件!$C$11,時間ごとの判定!$AH$3:$AH$1850,"利用可") -> 8 | E50: =IF(D50>=判定条件!$C$12,"利用可","不可") -> 利用可 | F50: =COUNTIFS(時間ごとの判定!$A$3:$A$1850,$A50,時間ごとの判定!$B$3:$B$1850,">="&判定条件!$C$10,時間ごとの判定!$B$3:$B$1850,"<="&判定条件!$C$11,時間ごとの判定!$AK$3:$AK$1850,"利用可") -> 8 | G50: =IF(F50>=判定条件!$C$12,"利用可","不可") -> 利用可 | H50: =COUNTIFS(時間ごとの判定!$A$3:$A$1850,$A50,時間ごとの判定!$B$3:$B$1850,">="&判定条件!$C$10,時間ごとの判定!$B$3:$B$1850,"<="&判定条件!$C$11,時間ごとの判定!$AN$3:$AN$1850,"利用可") -> 8 | I50: =IF(H50>=判定条件!$C$12,"利用可","不可") -> 利用可 | J50: =COUNTIFS(時間ごとの判定!$A$3:$A$1850,$A50,時間ごとの判定!$B$3:$B$1850,">="&判定条件!$C$10,時間ごとの判定!$B$3:$B$1850,"<="&判定条件!$C$11,時間ごとの判定!$AQ$3:$AQ$1850,"利用可") -> 8 | K50: =IF(J50>=判定条件!$C$12,"利用可","不可") -> 利用可 | L50: =COUNTIFS(時間ごとの判定!$A$3:$A$1850,$A50,時間ごとの判定!$B$3:$B$1850,">="&判定条件!$C$10,時間ごとの判定!$B$3:$B$1850,"<="&判定条件!$C$11,時間ごとの判定!$AT$3:$AT$1850,"利用可") -> 8 | M50: =IF(L50>=判定条件!$C$12,"利用可","不可") -> 利用可 | N50: =COUNTIFS(時間ごとの判定!$A$3:$A$1850,$A50,時間ごとの判定!$B$3:$B$1850,">="&判定条件!$C$10,時間ごとの判定!$B$3:$B$1850,"<="&判定条件!$C$11,時間ごとの判定!$AW$3:$AW$1850,"利用可") -> 8 | O50: =IF(N50>=判定条件!$C$12,"利用可","不可") -> 利用可 | P50: =IF(AND(E50="利用可",G50="利用可",I50="利用可"),"利用可","不可") -> 利用可 | Q50: =IF(AND(K50="利用可",M50="利用可",O50="利用可"),"利用可","不可") -> 利用可
A51: 46280 | B51: 火 | C51: 平日 | D51: =COUNTIFS(時間ごとの判定!$A$3:$A$1850,$A51,時間ごとの判定!$B$3:$B$1850,">="&判定条件!$C$10,時間ごとの判定!$B$3:$B$1850,"<="&判定条件!$C$11,時間ごとの判定!$AH$3:$AH$1850,"利用可") -> 8 | E51: =IF(D51>=判定条件!$C$12,"利用可","不可") -> 利用可 | F51: =COUNTIFS(時間ごとの判定!$A$3:$A$1850,$A51,時間ごとの判定!$B$3:$B$1850,">="&判定条件!$C$10,時間ごとの判定!$B$3:$B$1850,"<="&判定条件!$C$11,時間ごとの判定!$AK$3:$AK$1850,"利用可") -> 0 | G51: =IF(F51>=判定条件!$C$12,"利用可","不可") -> 不可 | H51: =COUNTIFS(時間ごとの判定!$A$3:$A$1850,$A51,時間ごとの判定!$B$3:$B$1850,">="&判定条件!$C$10,時間ごとの判定!$B$3:$B$1850,"<="&判定条件!$C$11,時間ごとの判定!$AN$3:$AN$1850,"利用可") -> 7 | I51: =IF(H51>=判定条件!$C$12,"利用可","不可") -> 利用可 | J51: =COUNTIFS(時間ごとの判定!$A$3:$A$1850,$A51,時間ごとの判定!$B$3:$B$1850,">="&判定条件!$C$10,時間ごとの判定!$B$3:$B$1850,"<="&判定条件!$C$11,時間ごとの判定!$AQ$3:$AQ$1850,"利用可") -> 0 | K51: =IF(J51>=判定条件!$C$12,"利用可","不可") -> 不可 | L51: =COUNTIFS(時間ごとの判定!$A$3:$A$1850,$A51,時間ごとの判定!$B$3:$B$1850,">="&判定条件!$C$10,時間ごとの判定!$B$3:$B$1850,"<="&判定条件!$C$11,時間ごとの判定!$AT$3:$AT$1850,"利用可") -> 0 | M51: =IF(L51>=判定条件!$C$12,"利用可","不可") -> 不可 | N51: =COUNTIFS(時間ごとの判定!$A$3:$A$1850,$A51,時間ごとの判定!$B$3:$B$1850,">="&判定条件!$C$10,時間ごとの判定!$B$3:$B$1850,"<="&判定条件!$C$11,時間ごとの判定!$AW$3:$AW$1850,"利用可") -> 0 | O51: =IF(N51>=判定条件!$C$12,"利用可","不可") -> 不可 | P51: =IF(AND(E51="利用可",G51="利用可",I51="利用可"),"利用可","不可") -> 不可 | Q51: =IF(AND(K51="利用可",M51="利用可",O51="利用可"),"利用可","不可") -> 不可 | R51: 列11のデータなし、3-2の排気・吸気温度が欠け（判定不能）
A52: 46281 | B52: 水 | C52: 平日 | D52: =COUNTIFS(時間ごとの判定!$A$3:$A$1850,$A52,時間ごとの判定!$B$3:$B$1850,">="&判定条件!$C$10,時間ごとの判定!$B$3:$B$1850,"<="&判定条件!$C$11,時間ごとの判定!$AH$3:$AH$1850,"利用可") -> 0 | E52: =IF(D52>=判定条件!$C$12,"利用可","不可") -> 不可 | F52: =COUNTIFS(時間ごとの判定!$A$3:$A$1850,$A52,時間ごとの判定!$B$3:$B$1850,">="&判定条件!$C$10,時間ごとの判定!$B$3:$B$1850,"<="&判定条件!$C$11,時間ごとの判定!$AK$3:$AK$1850,"利用可") -> 0 | G52: =IF(F52>=判定条件!$C$12,"利用可","不可") -> 不可 | H52: =COUNTIFS(時間ごとの判定!$A$3:$A$1850,$A52,時間ごとの判定!$B$3:$B$1850,">="&判定条件!$C$10,時間ごとの判定!$B$3:$B$1850,"<="&判定条件!$C$11,時間ごとの判定!$AN$3:$AN$1850,"利用可") -> 0 | I52: =IF(H52>=判定条件!$C$12,"利用可","不可") -> 不可 | J52: =COUNTIFS(時間ごとの判定!$A$3:$A$1850,$A52,時間ごとの判定!$B$3:$B$1850,">="&判定条件!$C$10,時間ごとの判定!$B$3:$B$1850,"<="&判定条件!$C$11,時間ごとの判定!$AQ$3:$AQ$1850,"利用可") -> 0 | K52: =IF(J52>=判定条件!$C$12,"利用可","不可") -> 不可 | L52: =COUNTIFS(時間ごとの判定!$A$3:$A$1850,$A52,時間ごとの判定!$B$3:$B$1850,">="&判定条件!$C$10,時間ごとの判定!$B$3:$B$1850,"<="&判定条件!$C$11,時間ごとの判定!$AT$3:$AT$1850,"利用可") -> 0 | M52: =IF(L52>=判定条件!$C$12,"利用可","不可") -> 不可 | N52: =COUNTIFS(時間ごとの判定!$A$3:$A$1850,$A52,時間ごとの判定!$B$3:$B$1850,">="&判定条件!$C$10,時間ごとの判定!$B$3:$B$1850,"<="&判定条件!$C$11,時間ごとの判定!$AW$3:$AW$1850,"利用可") -> 0 | O52: =IF(N52>=判定条件!$C$12,"利用可","不可") -> 不可 | P52: =IF(AND(E52="利用可",G52="利用可",I52="利用可"),"利用可","不可") -> 不可 | Q52: =IF(AND(K52="利用可",M52="利用可",O52="利用可"),"利用可","不可") -> 不可 | R52: 列11のデータなし、3-2の排気・吸気温度が欠け（判定不能）
A53: 46282 | B53: 木 | C53: 平日 | D53: =COUNTIFS(時間ごとの判定!$A$3:$A$1850,$A53,時間ごとの判定!$B$3:$B$1850,">="&判定条件!$C$10,時間ごとの判定!$B$3:$B$1850,"<="&判定条件!$C$11,時間ごとの判定!$AH$3:$AH$1850,"利用可") -> 6 | E53: =IF(D53>=判定条件!$C$12,"利用可","不可") -> 不可 | F53: =COUNTIFS(時間ごとの判定!$A$3:$A$1850,$A53,時間ごとの判定!$B$3:$B$1850,">="&判定条件!$C$10,時間ごとの判定!$B$3:$B$1850,"<="&判定条件!$C$11,時間ごとの判定!$AK$3:$AK$1850,"利用可") -> 0 | G53: =IF(F53>=判定条件!$C$12,"利用可","不可") -> 不可 | H53: =COUNTIFS(時間ごとの判定!$A$3:$A$1850,$A53,時間ごとの判定!$B$3:$B$1850,">="&判定条件!$C$10,時間ごとの判定!$B$3:$B$1850,"<="&判定条件!$C$11,時間ごとの判定!$AN$3:$AN$1850,"利用可") -> 7 | I53: =IF(H53>=判定条件!$C$12,"利用可","不可") -> 利用可 | J53: =COUNTIFS(時間ごとの判定!$A$3:$A$1850,$A53,時間ごとの判定!$B$3:$B$1850,">="&判定条件!$C$10,時間ごとの判定!$B$3:$B$1850,"<="&判定条件!$C$11,時間ごとの判定!$AQ$3:$AQ$1850,"利用可") -> 0 | K53: =IF(J53>=判定条件!$C$12,"利用可","不可") -> 不可 | L53: =COUNTIFS(時間ごとの判定!$A$3:$A$1850,$A53,時間ごとの判定!$B$3:$B$1850,">="&判定条件!$C$10,時間ごとの判定!$B$3:$B$1850,"<="&判定条件!$C$11,時間ごとの判定!$AT$3:$AT$1850,"利用可") -> 0 | M53: =IF(L53>=判定条件!$C$12,"利用可","不可") -> 不可 | N53: =COUNTIFS(時間ごとの判定!$A$3:$A$1850,$A53,時間ごとの判定!$B$3:$B$1850,">="&判定条件!$C$10,時間ごとの判定!$B$3:$B$1850,"<="&判定条件!$C$11,時間ごとの判定!$AW$3:$AW$1850,"利用可") -> 0 | O53: =IF(N53>=判定条件!$C$12,"利用可","不可") -> 不可 | P53: =IF(AND(E53="利用可",G53="利用可",I53="利用可"),"利用可","不可") -> 不可 | Q53: =IF(AND(K53="利用可",M53="利用可",O53="利用可"),"利用可","不可") -> 不可 | R53: 列11のデータなし、3-2の排気・吸気温度が欠け（判定不能）
A54: 46283 | B54: 金 | C54: 平日 | D54: =COUNTIFS(時間ごとの判定!$A$3:$A$1850,$A54,時間ごとの判定!$B$3:$B$1850,">="&判定条件!$C$10,時間ごとの判定!$B$3:$B$1850,"<="&判定条件!$C$11,時間ごとの判定!$AH$3:$AH$1850,"利用可") -> 2 | E54: =IF(D54>=判定条件!$C$12,"利用可","不可") -> 不可 | F54: =COUNTIFS(時間ごとの判定!$A$3:$A$1850,$A54,時間ごとの判定!$B$3:$B$1850,">="&判定条件!$C$10,時間ごとの判定!$B$3:$B$1850,"<="&判定条件!$C$11,時間ごとの判定!$AK$3:$AK$1850,"利用可") -> 0 | G54: =IF(F54>=判定条件!$C$12,"利用可","不可") -> 不可 | H54: =COUNTIFS(時間ごとの判定!$A$3:$A$1850,$A54,時間ごとの判定!$B$3:$B$1850,">="&判定条件!$C$10,時間ごとの判定!$B$3:$B$1850,"<="&判定条件!$C$11,時間ごとの判定!$AN$3:$AN$1850,"利用可") -> 9 | I54: =IF(H54>=判定条件!$C$12,"利用可","不可") -> 利用可 | J54: =COUNTIFS(時間ごとの判定!$A$3:$A$1850,$A54,時間ごとの判定!$B$3:$B$1850,">="&判定条件!$C$10,時間ごとの判定!$B$3:$B$1850,"<="&判定条件!$C$11,時間ごとの判定!$AQ$3:$AQ$1850,"利用可") -> 0 | K54: =IF(J54>=判定条件!$C$12,"利用可","不可") -> 不可 | L54: =COUNTIFS(時間ごとの判定!$A$3:$A$1850,$A54,時間ごとの判定!$B$3:$B$1850,">="&判定条件!$C$10,時間ごとの判定!$B$3:$B$1850,"<="&判定条件!$C$11,時間ごとの判定!$AT$3:$AT$1850,"利用可") -> 0 | M54: =IF(L54>=判定条件!$C$12,"利用可","不可") -> 不可 | N54: =COUNTIFS(時間ごとの判定!$A$3:$A$1850,$A54,時間ごとの判定!$B$3:$B$1850,">="&判定条件!$C$10,時間ごとの判定!$B$3:$B$1850,"<="&判定条件!$C$11,時間ごとの判定!$AW$3:$AW$1850,"利用可") -> 0 | O54: =IF(N54>=判定条件!$C$12,"利用可","不可") -> 不可 | P54: =IF(AND(E54="利用可",G54="利用可",I54="利用可"),"利用可","不可") -> 不可 | Q54: =IF(AND(K54="利用可",M54="利用可",O54="利用可"),"利用可","不可") -> 不可 | R54: 列11のデータなし、3-2の排気・吸気温度が欠け（判定不能）
A55: 46284 | B55: 土 | C55: 土日 | D55: =COUNTIFS(時間ごとの判定!$A$3:$A$1850,$A55,時間ごとの判定!$B$3:$B$1850,">="&判定条件!$C$10,時間ごとの判定!$B$3:$B$1850,"<="&判定条件!$C$11,時間ごとの判定!$AH$3:$AH$1850,"利用可") -> 0 | E55: =IF(D55>=判定条件!$C$12,"利用可","不可") -> 不可 | F55: =COUNTIFS(時間ごとの判定!$A$3:$A$1850,$A55,時間ごとの判定!$B$3:$B$1850,">="&判定条件!$C$10,時間ごとの判定!$B$3:$B$1850,"<="&判定条件!$C$11,時間ごとの判定!$AK$3:$AK$1850,"利用可") -> 0 | G55: =IF(F55>=判定条件!$C$12,"利用可","不可") -> 不可 | H55: =COUNTIFS(時間ごとの判定!$A$3:$A$1850,$A55,時間ごとの判定!$B$3:$B$1850,">="&判定条件!$C$10,時間ごとの判定!$B$3:$B$1850,"<="&判定条件!$C$11,時間ごとの判定!$AN$3:$AN$1850,"利用可") -> 4 | I55: =IF(H55>=判定条件!$C$12,"利用可","不可") -> 不可 | J55: =COUNTIFS(時間ごとの判定!$A$3:$A$1850,$A55,時間ごとの判定!$B$3:$B$1850,">="&判定条件!$C$10,時間ごとの判定!$B$3:$B$1850,"<="&判定条件!$C$11,時間ごとの判定!$AQ$3:$AQ$1850,"利用可") -> 0 | K55: =IF(J55>=判定条件!$C$12,"利用可","不可") -> 不可 | L55: =COUNTIFS(時間ごとの判定!$A$3:$A$1850,$A55,時間ごとの判定!$B$3:$B$1850,">="&判定条件!$C$10,時間ごとの判定!$B$3:$B$1850,"<="&判定条件!$C$11,時間ごとの判定!$AT$3:$AT$1850,"利用可") -> 0 | M55: =IF(L55>=判定条件!$C$12,"利用可","不可") -> 不可 | N55: =COUNTIFS(時間ごとの判定!$A$3:$A$1850,$A55,時間ごとの判定!$B$3:$B$1850,">="&判定条件!$C$10,時間ごとの判定!$B$3:$B$1850,"<="&判定条件!$C$11,時間ごとの判定!$AW$3:$AW$1850,"利用可") -> 0 | O55: =IF(N55>=判定条件!$C$12,"利用可","不可") -> 不可 | P55: =IF(AND(E55="利用可",G55="利用可",I55="利用可"),"利用可","不可") -> 不可 | Q55: =IF(AND(K55="利用可",M55="利用可",O55="利用可"),"利用可","不可") -> 不可 | R55: 列11のデータなし、3-2の排気・吸気温度が欠け（判定不能）
A56: 46285 | B56: 日 | C56: 土日 | D56: =COUNTIFS(時間ごとの判定!$A$3:$A$1850,$A56,時間ごとの判定!$B$3:$B$1850,">="&判定条件!$C$10,時間ごとの判定!$B$3:$B$1850,"<="&判定条件!$C$11,時間ごとの判定!$AH$3:$AH$1850,"利用可") -> 0 | E56: =IF(D56>=判定条件!$C$12,"利用可","不可") -> 不可 | F56: =COUNTIFS(時間ごとの判定!$A$3:$A$1850,$A56,時間ごとの判定!$B$3:$B$1850,">="&判定条件!$C$10,時間ごとの判定!$B$3:$B$1850,"<="&判定条件!$C$11,時間ごとの判定!$AK$3:$AK$1850,"利用可") -> 0 | G56: =IF(F56>=判定条件!$C$12,"利用可","不可") -> 不可 | H56: =COUNTIFS(時間ごとの判定!$A$3:$A$1850,$A56,時間ごとの判定!$B$3:$B$1850,">="&判定条件!$C$10,時間ごとの判定!$B$3:$B$1850,"<="&判定条件!$C$11,時間ごとの判定!$AN$3:$AN$1850,"利用可") -> 0 | I56: =IF(H56>=判定条件!$C$12,"利用可","不可") -> 不可 | J56: =COUNTIFS(時間ごとの判定!$A$3:$A$1850,$A56,時間ごとの判定!$B$3:$B$1850,">="&判定条件!$C$10,時間ごとの判定!$B$3:$B$1850,"<="&判定条件!$C$11,時間ごとの判定!$AQ$3:$AQ$1850,"利用可") -> 0 | K56: =IF(J56>=判定条件!$C$12,"利用可","不可") -> 不可 | L56: =COUNTIFS(時間ごとの判定!$A$3:$A$1850,$A56,時間ごとの判定!$B$3:$B$1850,">="&判定条件!$C$10,時間ごとの判定!$B$3:$B$1850,"<="&判定条件!$C$11,時間ごとの判定!$AT$3:$AT$1850,"利用可") -> 0 | M56: =IF(L56>=判定条件!$C$12,"利用可","不可") -> 不可 | N56: =COUNTIFS(時間ごとの判定!$A$3:$A$1850,$A56,時間ごとの判定!$B$3:$B$1850,">="&判定条件!$C$10,時間ごとの判定!$B$3:$B$1850,"<="&判定条件!$C$11,時間ごとの判定!$AW$3:$AW$1850,"利用可") -> 0 | O56: =IF(N56>=判定条件!$C$12,"利用可","不可") -> 不可 | P56: =IF(AND(E56="利用可",G56="利用可",I56="利用可"),"利用可","不可") -> 不可 | Q56: =IF(AND(K56="利用可",M56="利用可",O56="利用可"),"利用可","不可") -> 不可 | R56: 列11のデータなし、3-2の排気・吸気温度が欠け（判定不能）
A57: 46286 | B57: 月 | C57: 敬老の日 | D57: =COUNTIFS(時間ごとの判定!$A$3:$A$1850,$A57,時間ごとの判定!$B$3:$B$1850,">="&判定条件!$C$10,時間ごとの判定!$B$3:$B$1850,"<="&判定条件!$C$11,時間ごとの判定!$AH$3:$AH$1850,"利用可") -> 0 | E57: =IF(D57>=判定条件!$C$12,"利用可","不可") -> 不可 | F57: =COUNTIFS(時間ごとの判定!$A$3:$A$1850,$A57,時間ごとの判定!$B$3:$B$1850,">="&判定条件!$C$10,時間ごとの判定!$B$3:$B$1850,"<="&判定条件!$C$11,時間ごとの判定!$AK$3:$AK$1850,"利用可") -> 0 | G57: =IF(F57>=判定条件!$C$12,"利用可","不可") -> 不可 | H57: =COUNTIFS(時間ごとの判定!$A$3:$A$1850,$A57,時間ごとの判定!$B$3:$B$1850,">="&判定条件!$C$10,時間ごとの判定!$B$3:$B$1850,"<="&判定条件!$C$11,時間ごとの判定!$AN$3:$AN$1850,"利用可") -> 0 | I57: =IF(H57>=判定条件!$C$12,"利用可","不可") -> 不可 | J57: =COUNTIFS(時間ごとの判定!$A$3:$A$1850,$A57,時間ごとの判定!$B$3:$B$1850,">="&判定条件!$C$10,時間ごとの判定!$B$3:$B$1850,"<="&判定条件!$C$11,時間ごとの判定!$AQ$3:$AQ$1850,"利用可") -> 0 | K57: =IF(J57>=判定条件!$C$12,"利用可","不可") -> 不可 | L57: =COUNTIFS(時間ごとの判定!$A$3:$A$1850,$A57,時間ごとの判定!$B$3:$B$1850,">="&判定条件!$C$10,時間ごとの判定!$B$3:$B$1850,"<="&判定条件!$C$11,時間ごとの判定!$AT$3:$AT$1850,"利用可") -> 0 | M57: =IF(L57>=判定条件!$C$12,"利用可","不可") -> 不可 | N57: =COUNTIFS(時間ごとの判定!$A$3:$A$1850,$A57,時間ごとの判定!$B$3:$B$1850,">="&判定条件!$C$10,時間ごとの判定!$B$3:$B$1850,"<="&判定条件!$C$11,時間ごとの判定!$AW$3:$AW$1850,"利用可") -> 0 | O57: =IF(N57>=判定条件!$C$12,"利用可","不可") -> 不可 | P57: =IF(AND(E57="利用可",G57="利用可",I57="利用可"),"利用可","不可") -> 不可 | Q57: =IF(AND(K57="利用可",M57="利用可",O57="利用可"),"利用可","不可") -> 不可 | R57: 列11のデータなし、3-2の排気・吸気温度が欠け（判定不能）
A58: 46287 | B58: 火 | C58: 国民の休日 | D58: =COUNTIFS(時間ごとの判定!$A$3:$A$1850,$A58,時間ごとの判定!$B$3:$B$1850,">="&判定条件!$C$10,時間ごとの判定!$B$3:$B$1850,"<="&判定条件!$C$11,時間ごとの判定!$AH$3:$AH$1850,"利用可") -> 7 | E58: =IF(D58>=判定条件!$C$12,"利用可","不可") -> 利用可 | F58: =COUNTIFS(時間ごとの判定!$A$3:$A$1850,$A58,時間ごとの判定!$B$3:$B$1850,">="&判定条件!$C$10,時間ごとの判定!$B$3:$B$1850,"<="&判定条件!$C$11,時間ごとの判定!$AK$3:$AK$1850,"利用可") -> 2 | G58: =IF(F58>=判定条件!$C$12,"利用可","不可") -> 不可 | H58: =COUNTIFS(時間ごとの判定!$A$3:$A$1850,$A58,時間ごとの判定!$B$3:$B$1850,">="&判定条件!$C$10,時間ごとの判定!$B$3:$B$1850,"<="&判定条件!$C$11,時間ごとの判定!$AN$3:$AN$1850,"利用可") -> 5 | I58: =IF(H58>=判定条件!$C$12,"利用可","不可") -> 不可 | J58: =COUNTIFS(時間ごとの判定!$A$3:$A$1850,$A58,時間ごとの判定!$B$3:$B$1850,">="&判定条件!$C$10,時間ごとの判定!$B$3:$B$1850,"<="&判定条件!$C$11,時間ごとの判定!$AQ$3:$AQ$1850,"利用可") -> 0 | K58: =IF(J58>=判定条件!$C$12,"利用可","不可") -> 不可 | L58: =COUNTIFS(時間ごとの判定!$A$3:$A$1850,$A58,時間ごとの判定!$B$3:$B$1850,">="&判定条件!$C$10,時間ごとの判定!$B$3:$B$1850,"<="&判定条件!$C$11,時間ごとの判定!$AT$3:$AT$1850,"利用可") -> 0 | M58: =IF(L58>=判定条件!$C$12,"利用可","不可") -> 不可 | N58: =COUNTIFS(時間ごとの判定!$A$3:$A$1850,$A58,時間ごとの判定!$B$3:$B$1850,">="&判定条件!$C$10,時間ごとの判定!$B$3:$B$1850,"<="&判定条件!$C$11,時間ごとの判定!$AW$3:$AW$1850,"利用可") -> 0 | O58: =IF(N58>=判定条件!$C$12,"利用可","不可") -> 不可 | P58: =IF(AND(E58="利用可",G58="利用可",I58="利用可"),"利用可","不可") -> 不可 | Q58: =IF(AND(K58="利用可",M58="利用可",O58="利用可"),"利用可","不可") -> 不可 | R58: 列11のデータなし、3-2の排気・吸気温度が欠け（判定不能）
A59: 46288 | B59: 水 | C59: 秋分の日 | D59: =COUNTIFS(時間ごとの判定!$A$3:$A$1850,$A59,時間ごとの判定!$B$3:$B$1850,">="&判定条件!$C$10,時間ごとの判定!$B$3:$B$1850,"<="&判定条件!$C$11,時間ごとの判定!$AH$3:$AH$1850,"利用可") -> 0 | E59: =IF(D59>=判定条件!$C$12,"利用可","不可") -> 不可 | F59: =COUNTIFS(時間ごとの判定!$A$3:$A$1850,$A59,時間ごとの判定!$B$3:$B$1850,">="&判定条件!$C$10,時間ごとの判定!$B$3:$B$1850,"<="&判定条件!$C$11,時間ごとの判定!$AK$3:$AK$1850,"利用可") -> 0 | G59: =IF(F59>=判定条件!$C$12,"利用可","不可") -> 不可 | H59: =COUNTIFS(時間ごとの判定!$A$3:$A$1850,$A59,時間ごとの判定!$B$3:$B$1850,">="&判定条件!$C$10,時間ごとの判定!$B$3:$B$1850,"<="&判定条件!$C$11,時間ごとの判定!$AN$3:$AN$1850,"利用可") -> 1 | I59: =IF(H59>=判定条件!$C$12,"利用可","不可") -> 不可 | J59: =COUNTIFS(時間ごとの判定!$A$3:$A$1850,$A59,時間ごとの判定!$B$3:$B$1850,">="&判定条件!$C$10,時間ごとの判定!$B$3:$B$1850,"<="&判定条件!$C$11,時間ごとの判定!$AQ$3:$AQ$1850,"利用可") -> 0 | K59: =IF(J59>=判定条件!$C$12,"利用可","不可") -> 不可 | L59: =COUNTIFS(時間ごとの判定!$A$3:$A$1850,$A59,時間ごとの判定!$B$3:$B$1850,">="&判定条件!$C$10,時間ごとの判定!$B$3:$B$1850,"<="&判定条件!$C$11,時間ごとの判定!$AT$3:$AT$1850,"利用可") -> 0 | M59: =IF(L59>=判定条件!$C$12,"利用可","不可") -> 不可 | N59: =COUNTIFS(時間ごとの判定!$A$3:$A$1850,$A59,時間ごとの判定!$B$3:$B$1850,">="&判定条件!$C$10,時間ごとの判定!$B$3:$B$1850,"<="&判定条件!$C$11,時間ごとの判定!$AW$3:$AW$1850,"利用可") -> 0 | O59: =IF(N59>=判定条件!$C$12,"利用可","不可") -> 不可 | P59: =IF(AND(E59="利用可",G59="利用可",I59="利用可"),"利用可","不可") -> 不可 | Q59: =IF(AND(K59="利用可",M59="利用可",O59="利用可"),"利用可","不可") -> 不可 | R59: 列11のデータなし
A60: 46289 | B60: 木 | C60: 平日 | D60: =COUNTIFS(時間ごとの判定!$A$3:$A$1850,$A60,時間ごとの判定!$B$3:$B$1850,">="&判定条件!$C$10,時間ごとの判定!$B$3:$B$1850,"<="&判定条件!$C$11,時間ごとの判定!$AH$3:$AH$1850,"利用可") -> 9 | E60: =IF(D60>=判定条件!$C$12,"利用可","不可") -> 利用可 | F60: =COUNTIFS(時間ごとの判定!$A$3:$A$1850,$A60,時間ごとの判定!$B$3:$B$1850,">="&判定条件!$C$10,時間ごとの判定!$B$3:$B$1850,"<="&判定条件!$C$11,時間ごとの判定!$AK$3:$AK$1850,"利用可") -> 9 | G60: =IF(F60>=判定条件!$C$12,"利用可","不可") -> 利用可 | H60: =COUNTIFS(時間ごとの判定!$A$3:$A$1850,$A60,時間ごとの判定!$B$3:$B$1850,">="&判定条件!$C$10,時間ごとの判定!$B$3:$B$1850,"<="&判定条件!$C$11,時間ごとの判定!$AN$3:$AN$1850,"利用可") -> 9 | I60: =IF(H60>=判定条件!$C$12,"利用可","不可") -> 利用可 | J60: =COUNTIFS(時間ごとの判定!$A$3:$A$1850,$A60,時間ごとの判定!$B$3:$B$1850,">="&判定条件!$C$10,時間ごとの判定!$B$3:$B$1850,"<="&判定条件!$C$11,時間ごとの判定!$AQ$3:$AQ$1850,"利用可") -> 0 | K60: =IF(J60>=判定条件!$C$12,"利用可","不可") -> 不可 | L60: =COUNTIFS(時間ごとの判定!$A$3:$A$1850,$A60,時間ごとの判定!$B$3:$B$1850,">="&判定条件!$C$10,時間ごとの判定!$B$3:$B$1850,"<="&判定条件!$C$11,時間ごとの判定!$AT$3:$AT$1850,"利用可") -> 0 | M60: =IF(L60>=判定条件!$C$12,"利用可","不可") -> 不可 | N60: =COUNTIFS(時間ごとの判定!$A$3:$A$1850,$A60,時間ごとの判定!$B$3:$B$1850,">="&判定条件!$C$10,時間ごとの判定!$B$3:$B$1850,"<="&判定条件!$C$11,時間ごとの判定!$AW$3:$AW$1850,"利用可") -> 0 | O60: =IF(N60>=判定条件!$C$12,"利用可","不可") -> 不可 | P60: =IF(AND(E60="利用可",G60="利用可",I60="利用可"),"利用可","不可") -> 利用可 | Q60: =IF(AND(K60="利用可",M60="利用可",O60="利用可"),"利用可","不可") -> 不可 | R60: 列11のデータなし
A61: 46290 | B61: 金 | C61: 平日 | D61: =COUNTIFS(時間ごとの判定!$A$3:$A$1850,$A61,時間ごとの判定!$B$3:$B$1850,">="&判定条件!$C$10,時間ごとの判定!$B$3:$B$1850,"<="&判定条件!$C$11,時間ごとの判定!$AH$3:$AH$1850,"利用可") -> 9 | E61: =IF(D61>=判定条件!$C$12,"利用可","不可") -> 利用可 | F61: =COUNTIFS(時間ごとの判定!$A$3:$A$1850,$A61,時間ごとの判定!$B$3:$B$1850,">="&判定条件!$C$10,時間ごとの判定!$B$3:$B$1850,"<="&判定条件!$C$11,時間ごとの判定!$AK$3:$AK$1850,"利用可") -> 9 | G61: =IF(F61>=判定条件!$C$12,"利用可","不可") -> 利用可 | H61: =COUNTIFS(時間ごとの判定!$A$3:$A$1850,$A61,時間ごとの判定!$B$3:$B$1850,">="&判定条件!$C$10,時間ごとの判定!$B$3:$B$1850,"<="&判定条件!$C$11,時間ごとの判定!$AN$3:$AN$1850,"利用可") -> 9 | I61: =IF(H61>=判定条件!$C$12,"利用可","不可") -> 利用可 | J61: =COUNTIFS(時間ごとの判定!$A$3:$A$1850,$A61,時間ごとの判定!$B$3:$B$1850,">="&判定条件!$C$10,時間ごとの判定!$B$3:$B$1850,"<="&判定条件!$C$11,時間ごとの判定!$AQ$3:$AQ$1850,"利用可") -> 0 | K61: =IF(J61>=判定条件!$C$12,"利用可","不可") -> 不可 | L61: =COUNTIFS(時間ごとの判定!$A$3:$A$1850,$A61,時間ごとの判定!$B$3:$B$1850,">="&判定条件!$C$10,時間ごとの判定!$B$3:$B$1850,"<="&判定条件!$C$11,時間ごとの判定!$AT$3:$AT$1850,"利用可") -> 0 | M61: =IF(L61>=判定条件!$C$12,"利用可","不可") -> 不可 | N61: =COUNTIFS(時間ごとの判定!$A$3:$A$1850,$A61,時間ごとの判定!$B$3:$B$1850,">="&判定条件!$C$10,時間ごとの判定!$B$3:$B$1850,"<="&判定条件!$C$11,時間ごとの判定!$AW$3:$AW$1850,"利用可") -> 0 | O61: =IF(N61>=判定条件!$C$12,"利用可","不可") -> 不可 | P61: =IF(AND(E61="利用可",G61="利用可",I61="利用可"),"利用可","不可") -> 利用可 | Q61: =IF(AND(K61="利用可",M61="利用可",O61="利用可"),"利用可","不可") -> 不可 | R61: 列11のデータなし
A62: 46291 | B62: 土 | C62: 土日 | D62: =COUNTIFS(時間ごとの判定!$A$3:$A$1850,$A62,時間ごとの判定!$B$3:$B$1850,">="&判定条件!$C$10,時間ごとの判定!$B$3:$B$1850,"<="&判定条件!$C$11,時間ごとの判定!$AH$3:$AH$1850,"利用可") -> 0 | E62: =IF(D62>=判定条件!$C$12,"利用可","不可") -> 不可 | F62: =COUNTIFS(時間ごとの判定!$A$3:$A$1850,$A62,時間ごとの判定!$B$3:$B$1850,">="&判定条件!$C$10,時間ごとの判定!$B$3:$B$1850,"<="&判定条件!$C$11,時間ごとの判定!$AK$3:$AK$1850,"利用可") -> 0 | G62: =IF(F62>=判定条件!$C$12,"利用可","不可") -> 不可 | H62: =COUNTIFS(時間ごとの判定!$A$3:$A$1850,$A62,時間ごとの判定!$B$3:$B$1850,">="&判定条件!$C$10,時間ごとの判定!$B$3:$B$1850,"<="&判定条件!$C$11,時間ごとの判定!$AN$3:$AN$1850,"利用可") -> 1 | I62: =IF(H62>=判定条件!$C$12,"利用可","不可") -> 不可 | J62: =COUNTIFS(時間ごとの判定!$A$3:$A$1850,$A62,時間ごとの判定!$B$3:$B$1850,">="&判定条件!$C$10,時間ごとの判定!$B$3:$B$1850,"<="&判定条件!$C$11,時間ごとの判定!$AQ$3:$AQ$1850,"利用可") -> 0 | K62: =IF(J62>=判定条件!$C$12,"利用可","不可") -> 不可 | L62: =COUNTIFS(時間ごとの判定!$A$3:$A$1850,$A62,時間ごとの判定!$B$3:$B$1850,">="&判定条件!$C$10,時間ごとの判定!$B$3:$B$1850,"<="&判定条件!$C$11,時間ごとの判定!$AT$3:$AT$1850,"利用可") -> 0 | M62: =IF(L62>=判定条件!$C$12,"利用可","不可") -> 不可 | N62: =COUNTIFS(時間ごとの判定!$A$3:$A$1850,$A62,時間ごとの判定!$B$3:$B$1850,">="&判定条件!$C$10,時間ごとの判定!$B$3:$B$1850,"<="&判定条件!$C$11,時間ごとの判定!$AW$3:$AW$1850,"利用可") -> 0 | O62: =IF(N62>=判定条件!$C$12,"利用可","不可") -> 不可 | P62: =IF(AND(E62="利用可",G62="利用可",I62="利用可"),"利用可","不可") -> 不可 | Q62: =IF(AND(K62="利用可",M62="利用可",O62="利用可"),"利用可","不可") -> 不可 | R62: 列11のデータなし
... A67: 46296 | B67: 木 | C67: 平日 | D67: =COUNTIFS(時間ごとの判定!$A$3:$A$1850,$A67,時間ごとの判定!$B$3:$B$1850,">="&判定条件!$C$10,時間ごとの判定!$B$3:$B$1850,"<="&判定条件!$C$11,時間ごとの判定!$AH$3:$AH$1850,"利用可") -> 8 | E67: =IF(D67>=判定条件!$C$12,"利用可","不可") -> 利用可 | F67: =COUNTIFS(時間ごとの判定!$A$3:$A$1850,$A67,時間ごとの判定!$B$3:$B$1850,">="&判定条件!$C$10,時間ごとの判定!$B$3:$B$1850,"<="&判定条件!$C$11,時間ごとの判定!$AK$3:$AK$1850,"利用可") -> 8 | G67: =IF(F67>=判定条件!$C$12,"利用可","不可") -> 利用可 | H67: =COUNTIFS(時間ごとの判定!$A$3:$A$1850,$A67,時間ごとの判定!$B$3:$B$1850,">="&判定条件!$C$10,時間ごとの判定!$B$3:$B$1850,"<="&判定条件!$C$11,時間ごとの判定!$AN$3:$AN$1850,"利用可") -> 8 | I67: =IF(H67>=判定条件!$C$12,"利用可","不可") -> 利用可 | J67: =COUNTIFS(時間ごとの判定!$A$3:$A$1850,$A67,時間ごとの判定!$B$3:$B$1850,">="&判定条件!$C$10,時間ごとの判定!$B$3:$B$1850,"<="&判定条件!$C$11,時間ごとの判定!$AQ$3:$AQ$1850,"利用可") -> 3 | K67: =IF(J67>=判定条件!$C$12,"利用可","不可") -> 不可 | L67: =COUNTIFS(時間ごとの判定!$A$3:$A$1850,$A67,時間ごとの判定!$B$3:$B$1850,">="&判定条件!$C$10,時間ごとの判定!$B$3:$B$1850,"<="&判定条件!$C$11,時間ごとの判定!$AT$3:$AT$1850,"利用可") -> 3 | M67: =IF(L67>=判定条件!$C$12,"利用可","不可") -> 不可 | N67: =COUNTIFS(時間ごとの判定!$A$3:$A$1850,$A67,時間ごとの判定!$B$3:$B$1850,">="&判定条件!$C$10,時間ごとの判定!$B$3:$B$1850,"<="&判定条件!$C$11,時間ごとの判定!$AW$3:$AW$1850,"利用可") -> 2 | O67: =IF(N67>=判定条件!$C$12,"利用可","不可") -> 不可 | P67: =IF(AND(E67="利用可",G67="利用可",I67="利用可"),"利用可","不可") -> 利用可 | Q67: =IF(AND(K67="利用可",M67="利用可",O67="利用可"),"利用可","不可") -> 不可 | R67: 列11のデータなし
A68: 46297 | B68: 金 | C68: 平日 | D68: =COUNTIFS(時間ごとの判定!$A$3:$A$1850,$A68,時間ごとの判定!$B$3:$B$1850,">="&判定条件!$C$10,時間ごとの判定!$B$3:$B$1850,"<="&判定条件!$C$11,時間ごとの判定!$AH$3:$AH$1850,"利用可") -> 0 | E68: =IF(D68>=判定条件!$C$12,"利用可","不可") -> 不可 | F68: =COUNTIFS(時間ごとの判定!$A$3:$A$1850,$A68,時間ごとの判定!$B$3:$B$1850,">="&判定条件!$C$10,時間ごとの判定!$B$3:$B$1850,"<="&判定条件!$C$11,時間ごとの判定!$AK$3:$AK$1850,"利用可") -> 2 | G68: =IF(F68>=判定条件!$C$12,"利用可","不可") -> 不可 | H68: =COUNTIFS(時間ごとの判定!$A$3:$A$1850,$A68,時間ごとの判定!$B$3:$B$1850,">="&判定条件!$C$10,時間ごとの判定!$B$3:$B$1850,"<="&判定条件!$C$11,時間ごとの判定!$AN$3:$AN$1850,"利用可") -> 2 | I68: =IF(H68>=判定条件!$C$12,"利用可","不可") -> 不可 | J68: =COUNTIFS(時間ごとの判定!$A$3:$A$1850,$A68,時間ごとの判定!$B$3:$B$1850,">="&判定条件!$C$10,時間ごとの判定!$B$3:$B$1850,"<="&判定条件!$C$11,時間ごとの判定!$AQ$3:$AQ$1850,"利用可") -> 0 | K68: =IF(J68>=判定条件!$C$12,"利用可","不可") -> 不可 | L68: =COUNTIFS(時間ごとの判定!$A$3:$A$1850,$A68,時間ごとの判定!$B$3:$B$1850,">="&判定条件!$C$10,時間ごとの判定!$B$3:$B$1850,"<="&判定条件!$C$11,時間ごとの判定!$AT$3:$AT$1850,"利用可") -> 1 | M68: =IF(L68>=判定条件!$C$12,"利用可","不可") -> 不可 | N68: =COUNTIFS(時間ごとの判定!$A$3:$A$1850,$A68,時間ごとの判定!$B$3:$B$1850,">="&判定条件!$C$10,時間ごとの判定!$B$3:$B$1850,"<="&判定条件!$C$11,時間ごとの判定!$AW$3:$AW$1850,"利用可") -> 3 | O68: =IF(N68>=判定条件!$C$12,"利用可","不可") -> 不可 | P68: =IF(AND(E68="利用可",G68="利用可",I68="利用可"),"利用可","不可") -> 不可 | Q68: =IF(AND(K68="利用可",M68="利用可",O68="利用可"),"利用可","不可") -> 不可
A69: 46298 | B69: 土 | C69: 土日 | D69: =COUNTIFS(時間ごとの判定!$A$3:$A$1850,$A69,時間ごとの判定!$B$3:$B$1850,">="&判定条件!$C$10,時間ごとの判定!$B$3:$B$1850,"<="&判定条件!$C$11,時間ごとの判定!$AH$3:$AH$1850,"利用可") -> 3 | E69: =IF(D69>=判定条件!$C$12,"利用可","不可") -> 不可 | F69: =COUNTIFS(時間ごとの判定!$A$3:$A$1850,$A69,時間ごとの判定!$B$3:$B$1850,">="&判定条件!$C$10,時間ごとの判定!$B$3:$B$1850,"<="&判定条件!$C$11,時間ごとの判定!$AK$3:$AK$1850,"利用可") -> 2 | G69: =IF(F69>=判定条件!$C$12,"利用可","不可") -> 不可 | H69: =COUNTIFS(時間ごとの判定!$A$3:$A$1850,$A69,時間ごとの判定!$B$3:$B$1850,">="&判定条件!$C$10,時間ごとの判定!$B$3:$B$1850,"<="&判定条件!$C$11,時間ごとの判定!$AN$3:$AN$1850,"利用可") -> 4 | I69: =IF(H69>=判定条件!$C$12,"利用可","不可") -> 不可 | J69: =COUNTIFS(時間ごとの判定!$A$3:$A$1850,$A69,時間ごとの判定!$B$3:$B$1850,">="&判定条件!$C$10,時間ごとの判定!$B$3:$B$1850,"<="&判定条件!$C$11,時間ごとの判定!$AQ$3:$AQ$1850,"利用可") -> 5 | K69: =IF(J69>=判定条件!$C$12,"利用可","不可") -> 不可 | L69: =COUNTIFS(時間ごとの判定!$A$3:$A$1850,$A69,時間ごとの判定!$B$3:$B$1850,">="&判定条件!$C$10,時間ごとの判定!$B$3:$B$1850,"<="&判定条件!$C$11,時間ごとの判定!$AT$3:$AT$1850,"利用可") -> 4 | M69: =IF(L69>=判定条件!$C$12,"利用可","不可") -> 不可 | N69: =COUNTIFS(時間ごとの判定!$A$3:$A$1850,$A69,時間ごとの判定!$B$3:$B$1850,">="&判定条件!$C$10,時間ごとの判定!$B$3:$B$1850,"<="&判定条件!$C$11,時間ごとの判定!$AW$3:$AW$1850,"利用可") -> 4 | O69: =IF(N69>=判定条件!$C$12,"利用可","不可") -> 不可 | P69: =IF(AND(E69="利用可",G69="利用可",I69="利用可"),"利用可","不可") -> 不可 | Q69: =IF(AND(K69="利用可",M69="利用可",O69="利用可"),"利用可","不可") -> 不可
A70: 46299 | B70: 日 | C70: 土日 | D70: =COUNTIFS(時間ごとの判定!$A$3:$A$1850,$A70,時間ごとの判定!$B$3:$B$1850,">="&判定条件!$C$10,時間ごとの判定!$B$3:$B$1850,"<="&判定条件!$C$11,時間ごとの判定!$AH$3:$AH$1850,"利用可") -> 0 | E70: =IF(D70>=判定条件!$C$12,"利用可","不可") -> 不可 | F70: =COUNTIFS(時間ごとの判定!$A$3:$A$1850,$A70,時間ごとの判定!$B$3:$B$1850,">="&判定条件!$C$10,時間ごとの判定!$B$3:$B$1850,"<="&判定条件!$C$11,時間ごとの判定!$AK$3:$AK$1850,"利用可") -> 0 | G70: =IF(F70>=判定条件!$C$12,"利用可","不可") -> 不可 | H70: =COUNTIFS(時間ごとの判定!$A$3:$A$1850,$A70,時間ごとの判定!$B$3:$B$1850,">="&判定条件!$C$10,時間ごとの判定!$B$3:$B$1850,"<="&判定条件!$C$11,時間ごとの判定!$AN$3:$AN$1850,"利用可") -> 2 | I70: =IF(H70>=判定条件!$C$12,"利用可","不可") -> 不可 | J70: =COUNTIFS(時間ごとの判定!$A$3:$A$1850,$A70,時間ごとの判定!$B$3:$B$1850,">="&判定条件!$C$10,時間ごとの判定!$B$3:$B$1850,"<="&判定条件!$C$11,時間ごとの判定!$AQ$3:$AQ$1850,"利用可") -> 1 | K70: =IF(J70>=判定条件!$C$12,"利用可","不可") -> 不可 | L70: =COUNTIFS(時間ごとの判定!$A$3:$A$1850,$A70,時間ごとの判定!$B$3:$B$1850,">="&判定条件!$C$10,時間ごとの判定!$B$3:$B$1850,"<="&判定条件!$C$11,時間ごとの判定!$AT$3:$AT$1850,"利用可") -> 2 | M70: =IF(L70>=判定条件!$C$12,"利用可","不可") -> 不可 | N70: =COUNTIFS(時間ごとの判定!$A$3:$A$1850,$A70,時間ごとの判定!$B$3:$B$1850,">="&判定条件!$C$10,時間ごとの判定!$B$3:$B$1850,"<="&判定条件!$C$11,時間ごとの判定!$AW$3:$AW$1850,"利用可") -> 0 | O70: =IF(N70>=判定条件!$C$12,"利用可","不可") -> 不可 | P70: =IF(AND(E70="利用可",G70="利用可",I70="利用可"),"利用可","不可") -> 不可 | Q70: =IF(AND(K70="利用可",M70="利用可",O70="利用可"),"利用可","不可") -> 不可
A71: 46300 | B71: 月 | C71: 平日 | D71: =COUNTIFS(時間ごとの判定!$A$3:$A$1850,$A71,時間ごとの判定!$B$3:$B$1850,">="&判定条件!$C$10,時間ごとの判定!$B$3:$B$1850,"<="&判定条件!$C$11,時間ごとの判定!$AH$3:$AH$1850,"利用可") -> 0 | E71: =IF(D71>=判定条件!$C$12,"利用可","不可") -> 不可 | F71: =COUNTIFS(時間ごとの判定!$A$3:$A$1850,$A71,時間ごとの判定!$B$3:$B$1850,">="&判定条件!$C$10,時間ごとの判定!$B$3:$B$1850,"<="&判定条件!$C$11,時間ごとの判定!$AK$3:$AK$1850,"利用可") -> 2 | G71: =IF(F71>=判定条件!$C$12,"利用可","不可") -> 不可 | H71: =COUNTIFS(時間ごとの判定!$A$3:$A$1850,$A71,時間ごとの判定!$B$3:$B$1850,">="&判定条件!$C$10,時間ごとの判定!$B$3:$B$1850,"<="&判定条件!$C$11,時間ごとの判定!$AN$3:$AN$1850,"利用可") -> 4 | I71: =IF(H71>=判定条件!$C$12,"利用可","不可") -> 不可 | J71: =COUNTIFS(時間ごとの判定!$A$3:$A$1850,$A71,時間ごとの判定!$B$3:$B$1850,">="&判定条件!$C$10,時間ごとの判定!$B$3:$B$1850,"<="&判定条件!$C$11,時間ごとの判定!$AQ$3:$AQ$1850,"利用可") -> 0 | K71: =IF(J71>=判定条件!$C$12,"利用可","不可") -> 不可 | L71: =COUNTIFS(時間ごとの判定!$A$3:$A$1850,$A71,時間ごとの判定!$B$3:$B$1850,">="&判定条件!$C$10,時間ごとの判定!$B$3:$B$1850,"<="&判定条件!$C$11,時間ごとの判定!$AT$3:$AT$1850,"利用可") -> 2 | M71: =IF(L71>=判定条件!$C$12,"利用可","不可") -> 不可 | N71: =COUNTIFS(時間ごとの判定!$A$3:$A$1850,$A71,時間ごとの判定!$B$3:$B$1850,">="&判定条件!$C$10,時間ごとの判定!$B$3:$B$1850,"<="&判定条件!$C$11,時間ごとの判定!$AW$3:$AW$1850,"利用可") -> 3 | O71: =IF(N71>=判定条件!$C$12,"利用可","不可") -> 不可 | P71: =IF(AND(E71="利用可",G71="利用可",I71="利用可"),"利用可","不可") -> 不可 | Q71: =IF(AND(K71="利用可",M71="利用可",O71="利用可"),"利用可","不可") -> 不可
A72: 46301 | B72: 火 | C72: 平日 | D72: =COUNTIFS(時間ごとの判定!$A$3:$A$1850,$A72,時間ごとの判定!$B$3:$B$1850,">="&判定条件!$C$10,時間ごとの判定!$B$3:$B$1850,"<="&判定条件!$C$11,時間ごとの判定!$AH$3:$AH$1850,"利用可") -> 3 | E72: =IF(D72>=判定条件!$C$12,"利用可","不可") -> 不可 | F72: =COUNTIFS(時間ごとの判定!$A$3:$A$1850,$A72,時間ごとの判定!$B$3:$B$1850,">="&判定条件!$C$10,時間ごとの判定!$B$3:$B$1850,"<="&判定条件!$C$11,時間ごとの判定!$AK$3:$AK$1850,"利用可") -> 7 | G72: =IF(F72>=判定条件!$C$12,"利用可","不可") -> 利用可 | H72: =COUNTIFS(時間ごとの判定!$A$3:$A$1850,$A72,時間ごとの判定!$B$3:$B$1850,">="&判定条件!$C$10,時間ごとの判定!$B$3:$B$1850,"<="&判定条件!$C$11,時間ごとの判定!$AN$3:$AN$1850,"利用可") -> 9 | I72: =IF(H72>=判定条件!$C$12,"利用可","不可") -> 利用可 | J72: =COUNTIFS(時間ごとの判定!$A$3:$A$1850,$A72,時間ごとの判定!$B$3:$B$1850,">="&判定条件!$C$10,時間ごとの判定!$B$3:$B$1850,"<="&判定条件!$C$11,時間ごとの判定!$AQ$3:$AQ$1850,"利用可") -> 6 | K72: =IF(J72>=判定条件!$C$12,"利用可","不可") -> 不可 | L72: =COUNTIFS(時間ごとの判定!$A$3:$A$1850,$A72,時間ごとの判定!$B$3:$B$1850,">="&判定条件!$C$10,時間ごとの判定!$B$3:$B$1850,"<="&判定条件!$C$11,時間ごとの判定!$AT$3:$AT$1850,"利用可") -> 7 | M72: =IF(L72>=判定条件!$C$12,"利用可","不可") -> 利用可 | N72: =COUNTIFS(時間ごとの判定!$A$3:$A$1850,$A72,時間ごとの判定!$B$3:$B$1850,">="&判定条件!$C$10,時間ごとの判定!$B$3:$B$1850,"<="&判定条件!$C$11,時間ごとの判定!$AW$3:$AW$1850,"利用可") -> 9 | O72: =IF(N72>=判定条件!$C$12,"利用可","不可") -> 利用可 | P72: =IF(AND(E72="利用可",G72="利用可",I72="利用可"),"利用可","不可") -> 不可 | Q72: =IF(AND(K72="利用可",M72="利用可",O72="利用可"),"利用可","不可") -> 不可
A73: 46302 | B73: 水 | C73: 平日 | D73: =COUNTIFS(時間ごとの判定!$A$3:$A$1850,$A73,時間ごとの判定!$B$3:$B$1850,">="&判定条件!$C$10,時間ごとの判定!$B$3:$B$1850,"<="&判定条件!$C$11,時間ごとの判定!$AH$3:$AH$1850,"利用可") -> 1 | E73: =IF(D73>=判定条件!$C$12,"利用可","不可") -> 不可 | F73: =COUNTIFS(時間ごとの判定!$A$3:$A$1850,$A73,時間ごとの判定!$B$3:$B$1850,">="&判定条件!$C$10,時間ごとの判定!$B$3:$B$1850,"<="&判定条件!$C$11,時間ごとの判定!$AK$3:$AK$1850,"利用可") -> 4 | G73: =IF(F73>=判定条件!$C$12,"利用可","不可") -> 不可 | H73: =COUNTIFS(時間ごとの判定!$A$3:$A$1850,$A73,時間ごとの判定!$B$3:$B$1850,">="&判定条件!$C$10,時間ごとの判定!$B$3:$B$1850,"<="&判定条件!$C$11,時間ごとの判定!$AN$3:$AN$1850,"利用可") -> 5 | I73: =IF(H73>=判定条件!$C$12,"利用可","不可") -> 不可 | J73: =COUNTIFS(時間ごとの判定!$A$3:$A$1850,$A73,時間ごとの判定!$B$3:$B$1850,">="&判定条件!$C$10,時間ごとの判定!$B$3:$B$1850,"<="&判定条件!$C$11,時間ごとの判定!$AQ$3:$AQ$1850,"利用可") -> 3 | K73: =IF(J73>=判定条件!$C$12,"利用可","不可") -> 不可 | L73: =COUNTIFS(時間ごとの判定!$A$3:$A$1850,$A73,時間ごとの判定!$B$3:$B$1850,">="&判定条件!$C$10,時間ごとの判定!$B$3:$B$1850,"<="&判定条件!$C$11,時間ごとの判定!$AT$3:$AT$1850,"利用可") -> 4 | M73: =IF(L73>=判定条件!$C$12,"利用可","不可") -> 不可 | N73: =COUNTIFS(時間ごとの判定!$A$3:$A$1850,$A73,時間ごとの判定!$B$3:$B$1850,">="&判定条件!$C$10,時間ごとの判定!$B$3:$B$1850,"<="&判定条件!$C$11,時間ごとの判定!$AW$3:$AW$1850,"利用可") -> 4 | O73: =IF(N73>=判定条件!$C$12,"利用可","不可") -> 不可 | P73: =IF(AND(E73="利用可",G73="利用可",I73="利用可"),"利用可","不可") -> 不可 | Q73: =IF(AND(K73="利用可",M73="利用可",O73="利用可"),"利用可","不可") -> 不可
A74: 46303 | B74: 木 | C74: 平日 | D74: =COUNTIFS(時間ごとの判定!$A$3:$A$1850,$A74,時間ごとの判定!$B$3:$B$1850,">="&判定条件!$C$10,時間ごとの判定!$B$3:$B$1850,"<="&判定条件!$C$11,時間ごとの判定!$AH$3:$AH$1850,"利用可") -> 6 | E74: =IF(D74>=判定条件!$C$12,"利用可","不可") -> 不可 | F74: =COUNTIFS(時間ごとの判定!$A$3:$A$1850,$A74,時間ごとの判定!$B$3:$B$1850,">="&判定条件!$C$10,時間ごとの判定!$B$3:$B$1850,"<="&判定条件!$C$11,時間ごとの判定!$AK$3:$AK$1850,"利用可") -> 6 | G74: =IF(F74>=判定条件!$C$12,"利用可","不可") -> 不可 | H74: =COUNTIFS(時間ごとの判定!$A$3:$A$1850,$A74,時間ごとの判定!$B$3:$B$1850,">="&判定条件!$C$10,時間ごとの判定!$B$3:$B$1850,"<="&判定条件!$C$11,時間ごとの判定!$AN$3:$AN$1850,"利用可") -> 3 | I74: =IF(H74>=判定条件!$C$12,"利用可","不可") -> 不可 | J74: =COUNTIFS(時間ごとの判定!$A$3:$A$1850,$A74,時間ごとの判定!$B$3:$B$1850,">="&判定条件!$C$10,時間ごとの判定!$B$3:$B$1850,"<="&判定条件!$C$11,時間ごとの判定!$AQ$3:$AQ$1850,"利用可") -> 7 | K74: =IF(J74>=判定条件!$C$12,"利用可","不可") -> 利用可 | L74: =COUNTIFS(時間ごとの判定!$A$3:$A$1850,$A74,時間ごとの判定!$B$3:$B$1850,">="&判定条件!$C$10,時間ごとの判定!$B$3:$B$1850,"<="&判定条件!$C$11,時間ごとの判定!$AT$3:$AT$1850,"利用可") -> 6 | M74: =IF(L74>=判定条件!$C$12,"利用可","不可") -> 不可 | N74: =COUNTIFS(時間ごとの判定!$A$3:$A$1850,$A74,時間ごとの判定!$B$3:$B$1850,">="&判定条件!$C$10,時間ごとの判定!$B$3:$B$1850,"<="&判定条件!$C$11,時間ごとの判定!$AW$3:$AW$1850,"利用可") -> 3 | O74: =IF(N74>=判定条件!$C$12,"利用可","不可") -> 不可 | P74: =IF(AND(E74="利用可",G74="利用可",I74="利用可"),"利用可","不可") -> 不可 | Q74: =IF(AND(K74="利用可",M74="利用可",O74="利用可"),"利用可","不可") -> 不可
A75: 46304 | B75: 金 | C75: 平日 | D75: =COUNTIFS(時間ごとの判定!$A$3:$A$1850,$A75,時間ごとの判定!$B$3:$B$1850,">="&判定条件!$C$10,時間ごとの判定!$B$3:$B$1850,"<="&判定条件!$C$11,時間ごとの判定!$AH$3:$AH$1850,"利用可") -> 7 | E75: =IF(D75>=判定条件!$C$12,"利用可","不可") -> 利用可 | F75: =COUNTIFS(時間ごとの判定!$A$3:$A$1850,$A75,時間ごとの判定!$B$3:$B$1850,">="&判定条件!$C$10,時間ごとの判定!$B$3:$B$1850,"<="&判定条件!$C$11,時間ごとの判定!$AK$3:$AK$1850,"利用可") -> 6 | G75: =IF(F75>=判定条件!$C$12,"利用可","不可") -> 不可 | H75: =COUNTIFS(時間ごとの判定!$A$3:$A$1850,$A75,時間ごとの判定!$B$3:$B$1850,">="&判定条件!$C$10,時間ごとの判定!$B$3:$B$1850,"<="&判定条件!$C$11,時間ごとの判定!$AN$3:$AN$1850,"利用可") -> 9 | I75: =IF(H75>=判定条件!$C$12,"利用可","不可") -> 利用可 | J75: =COUNTIFS(時間ごとの判定!$A$3:$A$1850,$A75,時間ごとの判定!$B$3:$B$1850,">="&判定条件!$C$10,時間ごとの判定!$B$3:$B$1850,"<="&判定条件!$C$11,時間ごとの判定!$AQ$3:$AQ$1850,"利用可") -> 7 | K75: =IF(J75>=判定条件!$C$12,"利用可","不可") -> 利用可 | L75: =COUNTIFS(時間ごとの判定!$A$3:$A$1850,$A75,時間ごとの判定!$B$3:$B$1850,">="&判定条件!$C$10,時間ごとの判定!$B$3:$B$1850,"<="&判定条件!$C$11,時間ごとの判定!$AT$3:$AT$1850,"利用可") -> 6 | M75: =IF(L75>=判定条件!$C$12,"利用可","不可") -> 不可 | N75: =COUNTIFS(時間ごとの判定!$A$3:$A$1850,$A75,時間ごとの判定!$B$3:$B$1850,">="&判定条件!$C$10,時間ごとの判定!$B$3:$B$1850,"<="&判定条件!$C$11,時間ごとの判定!$AW$3:$AW$1850,"利用可") -> 9 | O75: =IF(N75>=判定条件!$C$12,"利用可","不可") -> 利用可 | P75: =IF(AND(E75="利用可",G75="利用可",I75="利用可"),"利用可","不可") -> 不可 | Q75: =IF(AND(K75="利用可",M75="利用可",O75="利用可"),"利用可","不可") -> 不可
A76: 46305 | B76: 土 | C76: 土日 | D76: =COUNTIFS(時間ごとの判定!$A$3:$A$1850,$A76,時間ごとの判定!$B$3:$B$1850,">="&判定条件!$C$10,時間ごとの判定!$B$3:$B$1850,"<="&判定条件!$C$11,時間ごとの判定!$AH$3:$AH$1850,"利用可") -> 6 | E76: =IF(D76>=判定条件!$C$12,"利用可","不可") -> 不可 | F76: =COUNTIFS(時間ごとの判定!$A$3:$A$1850,$A76,時間ごとの判定!$B$3:$B$1850,">="&判定条件!$C$10,時間ごとの判定!$B$3:$B$1850,"<="&判定条件!$C$11,時間ごとの判定!$AK$3:$AK$1850,"利用可") -> 5 | G76: =IF(F76>=判定条件!$C$12,"利用可","不可") -> 不可 | H76: =COUNTIFS(時間ごとの判定!$A$3:$A$1850,$A76,時間ごとの判定!$B$3:$B$1850,">="&判定条件!$C$10,時間ごとの判定!$B$3:$B$1850,"<="&判定条件!$C$11,時間ごとの判定!$AN$3:$AN$1850,"利用可") -> 7 | I76: =IF(H76>=判定条件!$C$12,"利用可","不可") -> 利用可 | J76: =COUNTIFS(時間ごとの判定!$A$3:$A$1850,$A76,時間ごとの判定!$B$3:$B$1850,">="&判定条件!$C$10,時間ごとの判定!$B$3:$B$1850,"<="&判定条件!$C$11,時間ごとの判定!$AQ$3:$AQ$1850,"利用可") -> 6 | K76: =IF(J76>=判定条件!$C$12,"利用可","不可") -> 不可 | L76: =COUNTIFS(時間ごとの判定!$A$3:$A$1850,$A76,時間ごとの判定!$B$3:$B$1850,">="&判定条件!$C$10,時間ごとの判定!$B$3:$B$1850,"<="&判定条件!$C$11,時間ごとの判定!$AT$3:$AT$1850,"利用可") -> 7 | M76: =IF(L76>=判定条件!$C$12,"利用可","不可") -> 利用可 | N76: =COUNTIFS(時間ごとの判定!$A$3:$A$1850,$A76,時間ごとの判定!$B$3:$B$1850,">="&判定条件!$C$10,時間ごとの判定!$B$3:$B$1850,"<="&判定条件!$C$11,時間ごとの判定!$AW$3:$AW$1850,"利用可") -> 9 | O76: =IF(N76>=判定条件!$C$12,"利用可","不可") -> 利用可 | P76: =IF(AND(E76="利用可",G76="利用可",I76="利用可"),"利用可","不可") -> 不可 | Q76: =IF(AND(K76="利用可",M76="利用可",O76="利用可"),"利用可","不可") -> 不可
A77: 46306 | B77: 日 | C77: 土日 | D77: =COUNTIFS(時間ごとの判定!$A$3:$A$1850,$A77,時間ごとの判定!$B$3:$B$1850,">="&判定条件!$C$10,時間ごとの判定!$B$3:$B$1850,"<="&判定条件!$C$11,時間ごとの判定!$AH$3:$AH$1850,"利用可") -> 6 | E77: =IF(D77>=判定条件!$C$12,"利用可","不可") -> 不可 | F77: =COUNTIFS(時間ごとの判定!$A$3:$A$1850,$A77,時間ごとの判定!$B$3:$B$1850,">="&判定条件!$C$10,時間ごとの判定!$B$3:$B$1850,"<="&判定条件!$C$11,時間ごとの判定!$AK$3:$AK$1850,"利用可") -> 5 | G77: =IF(F77>=判定条件!$C$12,"利用可","不可") -> 不可 | H77: =COUNTIFS(時間ごとの判定!$A$3:$A$1850,$A77,時間ごとの判定!$B$3:$B$1850,">="&判定条件!$C$10,時間ごとの判定!$B$3:$B$1850,"<="&判定条件!$C$11,時間ごとの判定!$AN$3:$AN$1850,"利用可") -> 3 | I77: =IF(H77>=判定条件!$C$12,"利用可","不可") -> 不可 | J77: =COUNTIFS(時間ごとの判定!$A$3:$A$1850,$A77,時間ごとの判定!$B$3:$B$1850,">="&判定条件!$C$10,時間ごとの判定!$B$3:$B$1850,"<="&判定条件!$C$11,時間ごとの判定!$AQ$3:$AQ$1850,"利用可") -> 6 | K77: =IF(J77>=判定条件!$C$12,"利用可","不可") -> 不可 | L77: =COUNTIFS(時間ごとの判定!$A$3:$A$1850,$A77,時間ごとの判定!$B$3:$B$1850,">="&判定条件!$C$10,時間ごとの判定!$B$3:$B$1850,"<="&判定条件!$C$11,時間ごとの判定!$AT$3:$AT$1850,"利用可") -> 6 | M77: =IF(L77>=判定条件!$C$12,"利用可","不可") -> 不可 | N77: =COUNTIFS(時間ごとの判定!$A$3:$A$1850,$A77,時間ごとの判定!$B$3:$B$1850,">="&判定条件!$C$10,時間ごとの判定!$B$3:$B$1850,"<="&判定条件!$C$11,時間ごとの判定!$AW$3:$AW$1850,"利用可") -> 8 | O77: =IF(N77>=判定条件!$C$12,"利用可","不可") -> 利用可 | P77: =IF(AND(E77="利用可",G77="利用可",I77="利用可"),"利用可","不可") -> 不可 | Q77: =IF(AND(K77="利用可",M77="利用可",O77="利用可"),"利用可","不可") -> 不可
A78: 46307 | B78: 月 | C78: スポーツの日 | D78: =COUNTIFS(時間ごとの判定!$A$3:$A$1850,$A78,時間ごとの判定!$B$3:$B$1850,">="&判定条件!$C$10,時間ごとの判定!$B$3:$B$1850,"<="&判定条件!$C$11,時間ごとの判定!$AH$3:$AH$1850,"利用可") -> 7 | E78: =IF(D78>=判定条件!$C$12,"利用可","不可") -> 利用可 | F78: =COUNTIFS(時間ごとの判定!$A$3:$A$1850,$A78,時間ごとの判定!$B$3:$B$1850,">="&判定条件!$C$10,時間ごとの判定!$B$3:$B$1850,"<="&判定条件!$C$11,時間ごとの判定!$AK$3:$AK$1850,"利用可") -> 4 | G78: =IF(F78>=判定条件!$C$12,"利用可","不可") -> 不可 | H78: =COUNTIFS(時間ごとの判定!$A$3:$A$1850,$A78,時間ごとの判定!$B$3:$B$1850,">="&判定条件!$C$10,時間ごとの判定!$B$3:$B$1850,"<="&判定条件!$C$11,時間ごとの判定!$AN$3:$AN$1850,"利用可") -> 7 | I78: =IF(H78>=判定条件!$C$12,"利用可","不可") -> 利用可 | J78: =COUNTIFS(時間ごとの判定!$A$3:$A$1850,$A78,時間ごとの判定!$B$3:$B$1850,">="&判定条件!$C$10,時間ごとの判定!$B$3:$B$1850,"<="&判定条件!$C$11,時間ごとの判定!$AQ$3:$AQ$1850,"利用可") -> 7 | K78: =IF(J78>=判定条件!$C$12,"利用可","不可") -> 利用可 | L78: =COUNTIFS(時間ごとの判定!$A$3:$A$1850,$A78,時間ごとの判定!$B$3:$B$1850,">="&判定条件!$C$10,時間ごとの判定!$B$3:$B$1850,"<="&判定条件!$C$11,時間ごとの判定!$AT$3:$AT$1850,"利用可") -> 6 | M78: =IF(L78>=判定条件!$C$12,"利用可","不可") -> 不可 | N78: =COUNTIFS(時間ごとの判定!$A$3:$A$1850,$A78,時間ごとの判定!$B$3:$B$1850,">="&判定条件!$C$10,時間ごとの判定!$B$3:$B$1850,"<="&判定条件!$C$11,時間ごとの判定!$AW$3:$AW$1850,"利用可") -> 8 | O78: =IF(N78>=判定条件!$C$12,"利用可","不可") -> 利用可 | P78: =IF(AND(E78="利用可",G78="利用可",I78="利用可"),"利用可","不可") -> 不可 | Q78: =IF(AND(K78="利用可",M78="利用可",O78="利用可"),"利用可","不可") -> 不可
A79: 46308 | B79: 火 | C79: 平日 | D79: =COUNTIFS(時間ごとの判定!$A$3:$A$1850,$A79,時間ごとの判定!$B$3:$B$1850,">="&判定条件!$C$10,時間ごとの判定!$B$3:$B$1850,"<="&判定条件!$C$11,時間ごとの判定!$AH$3:$AH$1850,"利用可") -> 1 | E79: =IF(D79>=判定条件!$C$12,"利用可","不可") -> 不可 | F79: =COUNTIFS(時間ごとの判定!$A$3:$A$1850,$A79,時間ごとの判定!$B$3:$B$1850,">="&判定条件!$C$10,時間ごとの判定!$B$3:$B$1850,"<="&判定条件!$C$11,時間ごとの判定!$AK$3:$AK$1850,"利用可") -> 2 | G79: =IF(F79>=判定条件!$C$12,"利用可","不可") -> 不可 | H79: =COUNTIFS(時間ごとの判定!$A$3:$A$1850,$A79,時間ごとの判定!$B$3:$B$1850,">="&判定条件!$C$10,時間ごとの判定!$B$3:$B$1850,"<="&判定条件!$C$11,時間ごとの判定!$AN$3:$AN$1850,"利用可") -> 3 | I79: =IF(H79>=判定条件!$C$12,"利用可","不可") -> 不可 | J79: =COUNTIFS(時間ごとの判定!$A$3:$A$1850,$A79,時間ごとの判定!$B$3:$B$1850,">="&判定条件!$C$10,時間ごとの判定!$B$3:$B$1850,"<="&判定条件!$C$11,時間ごとの判定!$AQ$3:$AQ$1850,"利用可") -> 2 | K79: =IF(J79>=判定条件!$C$12,"利用可","不可") -> 不可 | L79: =COUNTIFS(時間ごとの判定!$A$3:$A$1850,$A79,時間ごとの判定!$B$3:$B$1850,">="&判定条件!$C$10,時間ごとの判定!$B$3:$B$1850,"<="&判定条件!$C$11,時間ごとの判定!$AT$3:$AT$1850,"利用可") -> 3 | M79: =IF(L79>=判定条件!$C$12,"利用可","不可") -> 不可 | N79: =COUNTIFS(時間ごとの判定!$A$3:$A$1850,$A79,時間ごとの判定!$B$3:$B$1850,">="&判定条件!$C$10,時間ごとの判定!$B$3:$B$1850,"<="&判定条件!$C$11,時間ごとの判定!$AW$3:$AW$1850,"利用可") -> 4 | O79: =IF(N79>=判定条件!$C$12,"利用可","不可") -> 不可 | P79: =IF(AND(E79="利用可",G79="利用可",I79="利用可"),"利用可","不可") -> 不可 | Q79: =IF(AND(K79="利用可",M79="利用可",O79="利用可"),"利用可","不可") -> 不可 | R79: 列11のデータなし、3-1・3-2・3-3・8-1・8-2・8-3の排気・吸気温度が欠け（判定不能）

Sheet 時間ごとの判定
A1: 日付 | B1: 時台 | C1: 曜日 | D1: 区分 | E1: 室外機 3-1 | H1: 室外機 3-2 | K1: 室外機 3-3 | N1: 室外機 8-1 | Q1: 室外機 8-2 | T1: 室外機 8-3 | W1: 室外機 11-1 | Z1: 室外機 11-2 | AC1: 室外機 11-3 | AF1: 組 8-1と3-1 | AI1: 組 8-2と3-2 | AL1: 組 8-3と3-3 | AO1: 組 11-1と3-1 | AR1: 組 11-2と3-2 | AU1: 組 11-3と3-3 | AX1: 列8（3区画とも利用可） | AY1: 列11（3区画とも利用可）
E2: 有効［分］ | F2: 運転中［分］ | G2: 判定 | H2: 有効［分］ | I2: 運転中［分］ | J2: 判定 | K2: 有効［分］ | L2: 運転中［分］ | M2: 判定 | N2: 有効［分］ | O2: 運転中［分］ | P2: 判定 | Q2: 有効［分］ | R2: 運転中［分］ | S2: 判定 | T2: 有効［分］ | U2: 運転中［分］ | V2: 判定 | W2: 有効［分］ | X2: 運転中［分］ | Y2: 判定 | Z2: 有効［分］ | AA2: 運転中［分］ | AB2: 判定 | AC2: 有効［分］ | AD2: 運転中［分］ | AE2: 判定 | AF2: 2台とも有効［分］ | AG2: 2台とも運転中［分］ | AH2: 判定 | AI2: 2台とも有効［分］ | AJ2: 2台とも運転中［分］ | AK2: 判定 | AL2: 2台とも有効［分］ | AM2: 2台とも運転中［分］ | AN2: 判定 | AO2: 2台とも有効［分］ | AP2: 2台とも運転中［分］ | AQ2: 判定 | AR2: 2台とも有効［分］ | AS2: 2台とも運転中［分］ | AT2: 判定 | AU2: 2台とも有効［分］ | AV2: 2台とも運転中［分］ | AW2: 判定
A3: 46232 | B3: 0 | C3: 水 | D3: 平日 | E3: 0 | F3: 0 | G3: =IF(E3<判定条件!$C$6,"判定不能",IF(F3>=判定条件!$C$7*E3,"運転",IF(F3<=判定条件!$C$8*E3,"停止","断続"))) -> 判定不能 | H3: 0 | I3: 0 | J3: =IF(H3<判定条件!$C$6,"判定不能",IF(I3>=判定条件!$C$7*H3,"運転",IF(I3<=判定条件!$C$8*H3,"停止","断続"))) -> 判定不能 | K3: 0 | L3: 0 | M3: =IF(K3<判定条件!$C$6,"判定不能",IF(L3>=判定条件!$C$7*K3,"運転",IF(L3<=判定条件!$C$8*K3,"停止","断続"))) -> 判定不能 | N3: 0 | O3: 0 | P3: =IF(N3<判定条件!$C$6,"判定不能",IF(O3>=判定条件!$C$7*N3,"運転",IF(O3<=判定条件!$C$8*N3,"停止","断続"))) -> 判定不能 | Q3: 0 | R3: 0 | S3: =IF(Q3<判定条件!$C$6,"判定不能",IF(R3>=判定条件!$C$7*Q3,"運転",IF(R3<=判定条件!$C$8*Q3,"停止","断続"))) -> 判定不能 | T3: 0 | U3: 0 | V3: =IF(T3<判定条件!$C$6,"判定不能",IF(U3>=判定条件!$C$7*T3,"運転",IF(U3<=判定条件!$C$8*T3,"停止","断続"))) -> 判定不能 | W3: 0 | X3: 0 | Y3: =IF(W3<判定条件!$C$6,"判定不能",IF(X3>=判定条件!$C$7*W3,"運転",IF(X3<=判定条件!$C$8*W3,"停止","断続"))) -> 判定不能 | Z3: 0 | AA3: 0 | AB3: =IF(Z3<判定条件!$C$6,"判定不能",IF(AA3>=判定条件!$C$7*Z3,"運転",IF(AA3<=判定条件!$C$8*Z3,"停止","断続"))) -> 判定不能 | AC3: 0 | AD3: 0 | AE3: =IF(AC3<判定条件!$C$6,"判定不能",IF(AD3>=判定条件!$C$7*AC3,"運転",IF(AD3<=判定条件!$C$8*AC3,"停止","断続"))) -> 判定不能 | AF3: 0 | AG3: 0 | AH3: =IF(OR(P3="判定不能",G3="判定不能"),"判定不能",IF(AG3>=判定条件!$C$9,"利用可",IF(AND(P3="停止",G3="停止"),"両方停止","運転がそろわない"))) -> 判定不能 | AI3: 0 | AJ3: 0 | AK3: =IF(OR(S3="判定不能",J3="判定不能"),"判定不能",IF(AJ3>=判定条件!$C$9,"利用可",IF(AND(S3="停止",J3="停止"),"両方停止","運転がそろわない"))) -> 判定不能 | AL3: 0 | AM3: 0 | AN3: =IF(OR(V3="判定不能",M3="判定不能"),"判定不能",IF(AM3>=判定条件!$C$9,"利用可",IF(AND(V3="停止",M3="停止"),"両方停止","運転がそろわない"))) -> 判定不能 | AO3: 0 | AP3: 0 | AQ3: =IF(OR(Y3="判定不能",G3="判定不能"),"判定不能",IF(AP3>=判定条件!$C$9,"利用可",IF(AND(Y3="停止",G3="停止"),"両方停止","運転がそろわない"))) -> 判定不能 | AR3: 0 | AS3: 0 | AT3: =IF(OR(AB3="判定不能",J3="判定不能"),"判定不能",IF(AS3>=判定条件!$C$9,"利用可",IF(AND(AB3="停止",J3="停止"),"両方停止","運転がそろわない"))) -> 判定不能 | AU3: 0 | AV3: 0 | AW3: =IF(OR(AE3="判定不能",M3="判定不能"),"判定不能",IF(AV3>=判定条件!$C$9,"利用可",IF(AND(AE3="停止",M3="停止"),"両方停止","運転がそろわない"))) -> 判定不能 | AX3: =IF(AND(AH3="利用可",AK3="利用可",AN3="利用可"),"利用可","不可") -> 不可 | AY3: =IF(AND(AQ3="利用可",AT3="利用可",AW3="利用可"),"利用可","不可") -> 不可
A4: 46232 | B4: 1 | C4: 水 | D4: 平日 | E4: 0 | F4: 0 | G4: =IF(E4<判定条件!$C$6,"判定不能",IF(F4>=判定条件!$C$7*E4,"運転",IF(F4<=判定条件!$C$8*E4,"停止","断続"))) -> 判定不能 | H4: 0 | I4: 0 | J4: =IF(H4<判定条件!$C$6,"判定不能",IF(I4>=判定条件!$C$7*H4,"運転",IF(I4<=判定条件!$C$8*H4,"停止","断続"))) -> 判定不能 | K4: 0 | L4: 0 | M4: =IF(K4<判定条件!$C$6,"判定不能",IF(L4>=判定条件!$C$7*K4,"運転",IF(L4<=判定条件!$C$8*K4,"停止","断続"))) -> 判定不能 | N4: 0 | O4: 0 | P4: =IF(N4<判定条件!$C$6,"判定不能",IF(O4>=判定条件!$C$7*N4,"運転",IF(O4<=判定条件!$C$8*N4,"停止","断続"))) -> 判定不能 | Q4: 0 | R4: 0 | S4: =IF(Q4<判定条件!$C$6,"判定不能",IF(R4>=判定条件!$C$7*Q4,"運転",IF(R4<=判定条件!$C$8*Q4,"停止","断続"))) -> 判定不能 | T4: 0 | U4: 0 | V4: =IF(T4<判定条件!$C$6,"判定不能",IF(U4>=判定条件!$C$7*T4,"運転",IF(U4<=判定条件!$C$8*T4,"停止","断続"))) -> 判定不能 | W4: 0 | X4: 0 | Y4: =IF(W4<判定条件!$C$6,"判定不能",IF(X4>=判定条件!$C$7*W4,"運転",IF(X4<=判定条件!$C$8*W4,"停止","断続"))) -> 判定不能 | Z4: 0 | AA4: 0 | AB4: =IF(Z4<判定条件!$C$6,"判定不能",IF(AA4>=判定条件!$C$7*Z4,"運転",IF(AA4<=判定条件!$C$8*Z4,"停止","断続"))) -> 判定不能 | AC4: 0 | AD4: 0 | AE4: =IF(AC4<判定条件!$C$6,"判定不能",IF(AD4>=判定条件!$C$7*AC4,"運転",IF(AD4<=判定条件!$C$8*AC4,"停止","断続"))) -> 判定不能 | AF4: 0 | AG4: 0 | AH4: =IF(OR(P4="判定不能",G4="判定不能"),"判定不能",IF(AG4>=判定条件!$C$9,"利用可",IF(AND(P4="停止",G4="停止"),"両方停止","運転がそろわない"))) -> 判定不能 | AI4: 0 | AJ4: 0 | AK4: =IF(OR(S4="判定不能",J4="判定不能"),"判定不能",IF(AJ4>=判定条件!$C$9,"利用可",IF(AND(S4="停止",J4="停止"),"両方停止","運転がそろわない"))) -> 判定不能 | AL4: 0 | AM4: 0 | AN4: =IF(OR(V4="判定不能",M4="判定不能"),"判定不能",IF(AM4>=判定条件!$C$9,"利用可",IF(AND(V4="停止",M4="停止"),"両方停止","運転がそろわない"))) -> 判定不能 | AO4: 0 | AP4: 0 | AQ4: =IF(OR(Y4="判定不能",G4="判定不能"),"判定不能",IF(AP4>=判定条件!$C$9,"利用可",IF(AND(Y4="停止",G4="停止"),"両方停止","運転がそろわない"))) -> 判定不能 | AR4: 0 | AS4: 0 | AT4: =IF(OR(AB4="判定不能",J4="判定不能"),"判定不能",IF(AS4>=判定条件!$C$9,"利用可",IF(AND(AB4="停止",J4="停止"),"両方停止","運転がそろわない"))) -> 判定不能 | AU4: 0 | AV4: 0 | AW4: =IF(OR(AE4="判定不能",M4="判定不能"),"判定不能",IF(AV4>=判定条件!$C$9,"利用可",IF(AND(AE4="停止",M4="停止"),"両方停止","運転がそろわない"))) -> 判定不能 | AX4: =IF(AND(AH4="利用可",AK4="利用可",AN4="利用可"),"利用可","不可") -> 不可 | AY4: =IF(AND(AQ4="利用可",AT4="利用可",AW4="利用可"),"利用可","不可") -> 不可
A5: 46232 | B5: 2 | C5: 水 | D5: 平日 | E5: 0 | F5: 0 | G5: =IF(E5<判定条件!$C$6,"判定不能",IF(F5>=判定条件!$C$7*E5,"運転",IF(F5<=判定条件!$C$8*E5,"停止","断続"))) -> 判定不能 | H5: 0 | I5: 0 | J5: =IF(H5<判定条件!$C$6,"判定不能",IF(I5>=判定条件!$C$7*H5,"運転",IF(I5<=判定条件!$C$8*H5,"停止","断続"))) -> 判定不能 | K5: 0 | L5: 0 | M5: =IF(K5<判定条件!$C$6,"判定不能",IF(L5>=判定条件!$C$7*K5,"運転",IF(L5<=判定条件!$C$8*K5,"停止","断続"))) -> 判定不能 | N5: 0 | O5: 0 | P5: =IF(N5<判定条件!$C$6,"判定不能",IF(O5>=判定条件!$C$7*N5,"運転",IF(O5<=判定条件!$C$8*N5,"停止","断続"))) -> 判定不能 | Q5: 0 | R5: 0 | S5: =IF(Q5<判定条件!$C$6,"判定不能",IF(R5>=判定条件!$C$7*Q5,"運転",IF(R5<=判定条件!$C$8*Q5,"停止","断続"))) -> 判定不能 | T5: 0 | U5: 0 | V5: =IF(T5<判定条件!$C$6,"判定不能",IF(U5>=判定条件!$C$7*T5,"運転",IF(U5<=判定条件!$C$8*T5,"停止","断続"))) -> 判定不能 | W5: 0 | X5: 0 | Y5: =IF(W5<判定条件!$C$6,"判定不能",IF(X5>=判定条件!$C$7*W5,"運転",IF(X5<=判定条件!$C$8*W5,"停止","断続"))) -> 判定不能 | Z5: 0 | AA5: 0 | AB5: =IF(Z5<判定条件!$C$6,"判定不能",IF(AA5>=判定条件!$C$7*Z5,"運転",IF(AA5<=判定条件!$C$8*Z5,"停止","断続"))) -> 判定不能 | AC5: 0 | AD5: 0 | AE5: =IF(AC5<判定条件!$C$6,"判定不能",IF(AD5>=判定条件!$C$7*AC5,"運転",IF(AD5<=判定条件!$C$8*AC5,"停止","断続"))) -> 判定不能 | AF5: 0 | AG5: 0 | AH5: =IF(OR(P5="判定不能",G5="判定不能"),"判定不能",IF(AG5>=判定条件!$C$9,"利用可",IF(AND(P5="停止",G5="停止"),"両方停止","運転がそろわない"))) -> 判定不能 | AI5: 0 | AJ5: 0 | AK5: =IF(OR(S5="判定不能",J5="判定不能"),"判定不能",IF(AJ5>=判定条件!$C$9,"利用可",IF(AND(S5="停止",J5="停止"),"両方停止","運転がそろわない"))) -> 判定不能 | AL5: 0 | AM5: 0 | AN5: =IF(OR(V5="判定不能",M5="判定不能"),"判定不能",IF(AM5>=判定条件!$C$9,"利用可",IF(AND(V5="停止",M5="停止"),"両方停止","運転がそろわない"))) -> 判定不能 | AO5: 0 | AP5: 0 | AQ5: =IF(OR(Y5="判定不能",G5="判定不能"),"判定不能",IF(AP5>=判定条件!$C$9,"利用可",IF(AND(Y5="停止",G5="停止"),"両方停止","運転がそろわない"))) -> 判定不能 | AR5: 0 | AS5: 0 | AT5: =IF(OR(AB5="判定不能",J5="判定不能"),"判定不能",IF(AS5>=判定条件!$C$9,"利用可",IF(AND(AB5="停止",J5="停止"),"両方停止","運転がそろわない"))) -> 判定不能 | AU5: 0 | AV5: 0 | AW5: =IF(OR(AE5="判定不能",M5="判定不能"),"判定不能",IF(AV5>=判定条件!$C$9,"利用可",IF(AND(AE5="停止",M5="停止"),"両方停止","運転がそろわない"))) -> 判定不能 | AX5: =IF(AND(AH5="利用可",AK5="利用可",AN5="利用可"),"利用可","不可") -> 不可 | AY5: =IF(AND(AQ5="利用可",AT5="利用可",AW5="利用可"),"利用可","不可") -> 不可
A6: 46232 | B6: 3 | C6: 水 | D6: 平日 | E6: 0 | F6: 0 | G6: =IF(E6<判定条件!$C$6,"判定不能",IF(F6>=判定条件!$C$7*E6,"運転",IF(F6<=判定条件!$C$8*E6,"停止","断続"))) -> 判定不能 | H6: 0 | I6: 0 | J6: =IF(H6<判定条件!$C$6,"判定不能",IF(I6>=判定条件!$C$7*H6,"運転",IF(I6<=判定条件!$C$8*H6,"停止","断続"))) -> 判定不能 | K6: 0 | L6: 0 | M6: =IF(K6<判定条件!$C$6,"判定不能",IF(L6>=判定条件!$C$7*K6,"運転",IF(L6<=判定条件!$C$8*K6,"停止","断続"))) -> 判定不能 | N6: 0 | O6: 0 | P6: =IF(N6<判定条件!$C$6,"判定不能",IF(O6>=判定条件!$C$7*N6,"運転",IF(O6<=判定条件!$C$8*N6,"停止","断続"))) -> 判定不能 | Q6: 0 | R6: 0 | S6: =IF(Q6<判定条件!$C$6,"判定不能",IF(R6>=判定条件!$C$7*Q6,"運転",IF(R6<=判定条件!$C$8*Q6,"停止","断続"))) -> 判定不能 | T6: 0 | U6: 0 | V6: =IF(T6<判定条件!$C$6,"判定不能",IF(U6>=判定条件!$C$7*T6,"運転",IF(U6<=判定条件!$C$8*T6,"停止","断続"))) -> 判定不能 | W6: 0 | X6: 0 | Y6: =IF(W6<判定条件!$C$6,"判定不能",IF(X6>=判定条件!$C$7*W6,"運転",IF(X6<=判定条件!$C$8*W6,"停止","断続"))) -> 判定不能 | Z6: 0 | AA6: 0 | AB6: =IF(Z6<判定条件!$C$6,"判定不能",IF(AA6>=判定条件!$C$7*Z6,"運転",IF(AA6<=判定条件!$C$8*Z6,"停止","断続"))) -> 判定不能 | AC6: 0 | AD6: 0 | AE6: =IF(AC6<判定条件!$C$6,"判定不能",IF(AD6>=判定条件!$C$7*AC6,"運転",IF(AD6<=判定条件!$C$8*AC6,"停止","断続"))) -> 判定不能 | AF6: 0 | AG6: 0 | AH6: =IF(OR(P6="判定不能",G6="判定不能"),"判定不能",IF(AG6>=判定条件!$C$9,"利用可",IF(AND(P6="停止",G6="停止"),"両方停止","運転がそろわない"))) -> 判定不能 | AI6: 0 | AJ6: 0 | AK6: =IF(OR(S6="判定不能",J6="判定不能"),"判定不能",IF(AJ6>=判定条件!$C$9,"利用可",IF(AND(S6="停止",J6="停止"),"両方停止","運転がそろわない"))) -> 判定不能 | AL6: 0 | AM6: 0 | AN6: =IF(OR(V6="判定不能",M6="判定不能"),"判定不能",IF(AM6>=判定条件!$C$9,"利用可",IF(AND(V6="停止",M6="停止"),"両方停止","運転がそろわない"))) -> 判定不能 | AO6: 0 | AP6: 0 | AQ6: =IF(OR(Y6="判定不能",G6="判定不能"),"判定不能",IF(AP6>=判定条件!$C$9,"利用可",IF(AND(Y6="停止",G6="停止"),"両方停止","運転がそろわない"))) -> 判定不能 | AR6: 0 | AS6: 0 | AT6: =IF(OR(AB6="判定不能",J6="判定不能"),"判定不能",IF(AS6>=判定条件!$C$9,"利用可",IF(AND(AB6="停止",J6="停止"),"両方停止","運転がそろわない"))) -> 判定不能 | AU6: 0 | AV6: 0 | AW6: =IF(OR(AE6="判定不能",M6="判定不能"),"判定不能",IF(AV6>=判定条件!$C$9,"利用可",IF(AND(AE6="停止",M6="停止"),"両方停止","運転がそろわない"))) -> 判定不能 | AX6: =IF(AND(AH6="利用可",AK6="利用可",AN6="利用可"),"利用可","不可") -> 不可 | AY6: =IF(AND(AQ6="利用可",AT6="利用可",AW6="利用可"),"利用可","不可") -> 不可
A7: 46232 | B7: 4 | C7: 水 | D7: 平日 | E7: 0 | F7: 0 | G7: =IF(E7<判定条件!$C$6,"判定不能",IF(F7>=判定条件!$C$7*E7,"運転",IF(F7<=判定条件!$C$8*E7,"停止","断続"))) -> 判定不能 | H7: 0 | I7: 0 | J7: =IF(H7<判定条件!$C$6,"判定不能",IF(I7>=判定条件!$C$7*H7,"運転",IF(I7<=判定条件!$C$8*H7,"停止","断続"))) -> 判定不能 | K7: 0 | L7: 0 | M7: =IF(K7<判定条件!$C$6,"判定不能",IF(L7>=判定条件!$C$7*K7,"運転",IF(L7<=判定条件!$C$8*K7,"停止","断続"))) -> 判定不能 | N7: 0 | O7: 0 | P7: =IF(N7<判定条件!$C$6,"判定不能",IF(O7>=判定条件!$C$7*N7,"運転",IF(O7<=判定条件!$C$8*N7,"停止","断続"))) -> 判定不能 | Q7: 0 | R7: 0 | S7: =IF(Q7<判定条件!$C$6,"判定不能",IF(R7>=判定条件!$C$7*Q7,"運転",IF(R7<=判定条件!$C$8*Q7,"停止","断続"))) -> 判定不能 | T7: 0 | U7: 0 | V7: =IF(T7<判定条件!$C$6,"判定不能",IF(U7>=判定条件!$C$7*T7,"運転",IF(U7<=判定条件!$C$8*T7,"停止","断続"))) -> 判定不能 | W7: 0 | X7: 0 | Y7: =IF(W7<判定条件!$C$6,"判定不能",IF(X7>=判定条件!$C$7*W7,"運転",IF(X7<=判定条件!$C$8*W7,"停止","断続"))) -> 判定不能 | Z7: 0 | AA7: 0 | AB7: =IF(Z7<判定条件!$C$6,"判定不能",IF(AA7>=判定条件!$C$7*Z7,"運転",IF(AA7<=判定条件!$C$8*Z7,"停止","断続"))) -> 判定不能 | AC7: 0 | AD7: 0 | AE7: =IF(AC7<判定条件!$C$6,"判定不能",IF(AD7>=判定条件!$C$7*AC7,"運転",IF(AD7<=判定条件!$C$8*AC7,"停止","断続"))) -> 判定不能 | AF7: 0 | AG7: 0 | AH7: =IF(OR(P7="判定不能",G7="判定不能"),"判定不能",IF(AG7>=判定条件!$C$9,"利用可",IF(AND(P7="停止",G7="停止"),"両方停止","運転がそろわない"))) -> 判定不能 | AI7: 0 | AJ7: 0 | AK7: =IF(OR(S7="判定不能",J7="判定不能"),"判定不能",IF(AJ7>=判定条件!$C$9,"利用可",IF(AND(S7="停止",J7="停止"),"両方停止","運転がそろわない"))) -> 判定不能 | AL7: 0 | AM7: 0 | AN7: =IF(OR(V7="判定不能",M7="判定不能"),"判定不能",IF(AM7>=判定条件!$C$9,"利用可",IF(AND(V7="停止",M7="停止"),"両方停止","運転がそろわない"))) -> 判定不能 | AO7: 0 | AP7: 0 | AQ7: =IF(OR(Y7="判定不能",G7="判定不能"),"判定不能",IF(AP7>=判定条件!$C$9,"利用可",IF(AND(Y7="停止",G7="停止"),"両方停止","運転がそろわない"))) -> 判定不能 | AR7: 0 | AS7: 0 | AT7: =IF(OR(AB7="判定不能",J7="判定不能"),"判定不能",IF(AS7>=判定条件!$C$9,"利用可",IF(AND(AB7="停止",J7="停止"),"両方停止","運転がそろわない"))) -> 判定不能 | AU7: 0 | AV7: 0 | AW7: =IF(OR(AE7="判定不能",M7="判定不能"),"判定不能",IF(AV7>=判定条件!$C$9,"利用可",IF(AND(AE7="停止",M7="停止"),"両方停止","運転がそろわない"))) -> 判定不能 | AX7: =IF(AND(AH7="利用可",AK7="利用可",AN7="利用可"),"利用可","不可") -> 不可 | AY7: =IF(AND(AQ7="利用可",AT7="利用可",AW7="利用可"),"利用可","不可") -> 不可
A8: 46232 | B8: 5 | C8: 水 | D8: 平日 | E8: 0 | F8: 0 | G8: =IF(E8<判定条件!$C$6,"判定不能",IF(F8>=判定条件!$C$7*E8,"運転",IF(F8<=判定条件!$C$8*E8,"停止","断続"))) -> 判定不能 | H8: 0 | I8: 0 | J8: =IF(H8<判定条件!$C$6,"判定不能",IF(I8>=判定条件!$C$7*H8,"運転",IF(I8<=判定条件!$C$8*H8,"停止","断続"))) -> 判定不能 | K8: 0 | L8: 0 | M8: =IF(K8<判定条件!$C$6,"判定不能",IF(L8>=判定条件!$C$7*K8,"運転",IF(L8<=判定条件!$C$8*K8,"停止","断続"))) -> 判定不能 | N8: 0 | O8: 0 | P8: =IF(N8<判定条件!$C$6,"判定不能",IF(O8>=判定条件!$C$7*N8,"運転",IF(O8<=判定条件!$C$8*N8,"停止","断続"))) -> 判定不能 | Q8: 0 | R8: 0 | S8: =IF(Q8<判定条件!$C$6,"判定不能",IF(R8>=判定条件!$C$7*Q8,"運転",IF(R8<=判定条件!$C$8*Q8,"停止","断続"))) -> 判定不能 | T8: 0 | U8: 0 | V8: =IF(T8<判定条件!$C$6,"判定不能",IF(U8>=判定条件!$C$7*T8,"運転",IF(U8<=判定条件!$C$8*T8,"停止","断続"))) -> 判定不能 | W8: 0 | X8: 0 | Y8: =IF(W8<判定条件!$C$6,"判定不能",IF(X8>=判定条件!$C$7*W8,"運転",IF(X8<=判定条件!$C$8*W8,"停止","断続"))) -> 判定不能 | Z8: 0 | AA8: 0 | AB8: =IF(Z8<判定条件!$C$6,"判定不能",IF(AA8>=判定条件!$C$7*Z8,"運転",IF(AA8<=判定条件!$C$8*Z8,"停止","断続"))) -> 判定不能 | AC8: 0 | AD8: 0 | AE8: =IF(AC8<判定条件!$C$6,"判定不能",IF(AD8>=判定条件!$C$7*AC8,"運転",IF(AD8<=判定条件!$C$8*AC8,"停止","断続"))) -> 判定不能 | AF8: 0 | AG8: 0 | AH8: =IF(OR(P8="判定不能",G8="判定不能"),"判定不能",IF(AG8>=判定条件!$C$9,"利用可",IF(AND(P8="停止",G8="停止"),"両方停止","運転がそろわない"))) -> 判定不能 | AI8: 0 | AJ8: 0 | AK8: =IF(OR(S8="判定不能",J8="判定不能"),"判定不能",IF(AJ8>=判定条件!$C$9,"利用可",IF(AND(S8="停止",J8="停止"),"両方停止","運転がそろわない"))) -> 判定不能 | AL8: 0 | AM8: 0 | AN8: =IF(OR(V8="判定不能",M8="判定不能"),"判定不能",IF(AM8>=判定条件!$C$9,"利用可",IF(AND(V8="停止",M8="停止"),"両方停止","運転がそろわない"))) -> 判定不能 | AO8: 0 | AP8: 0 | AQ8: =IF(OR(Y8="判定不能",G8="判定不能"),"判定不能",IF(AP8>=判定条件!$C$9,"利用可",IF(AND(Y8="停止",G8="停止"),"両方停止","運転がそろわない"))) -> 判定不能 | AR8: 0 | AS8: 0 | AT8: =IF(OR(AB8="判定不能",J8="判定不能"),"判定不能",IF(AS8>=判定条件!$C$9,"利用可",IF(AND(AB8="停止",J8="停止"),"両方停止","運転がそろわない"))) -> 判定不能 | AU8: 0 | AV8: 0 | AW8: =IF(OR(AE8="判定不能",M8="判定不能"),"判定不能",IF(AV8>=判定条件!$C$9,"利用可",IF(AND(AE8="停止",M8="停止"),"両方停止","運転がそろわない"))) -> 判定不能 | AX8: =IF(AND(AH8="利用可",AK8="利用可",AN8="利用可"),"利用可","不可") -> 不可 | AY8: =IF(AND(AQ8="利用可",AT8="利用可",AW8="利用可"),"利用可","不可") -> 不可
A9: 46232 | B9: 6 | C9: 水 | D9: 平日 | E9: 0 | F9: 0 | G9: =IF(E9<判定条件!$C$6,"判定不能",IF(F9>=判定条件!$C$7*E9,"運転",IF(F9<=判定条件!$C$8*E9,"停止","断続"))) -> 判定不能 | H9: 0 | I9: 0 | J9: =IF(H9<判定条件!$C$6,"判定不能",IF(I9>=判定条件!$C$7*H9,"運転",IF(I9<=判定条件!$C$8*H9,"停止","断続"))) -> 判定不能 | K9: 0 | L9: 0 | M9: =IF(K9<判定条件!$C$6,"判定不能",IF(L9>=判定条件!$C$7*K9,"運転",IF(L9<=判定条件!$C$8*K9,"停止","断続"))) -> 判定不能 | N9: 0 | O9: 0 | P9: =IF(N9<判定条件!$C$6,"判定不能",IF(O9>=判定条件!$C$7*N9,"運転",IF(O9<=判定条件!$C$8*N9,"停止","断続"))) -> 判定不能 | Q9: 0 | R9: 0 | S9: =IF(Q9<判定条件!$C$6,"判定不能",IF(R9>=判定条件!$C$7*Q9,"運転",IF(R9<=判定条件!$C$8*Q9,"停止","断続"))) -> 判定不能 | T9: 0 | U9: 0 | V9: =IF(T9<判定条件!$C$6,"判定不能",IF(U9>=判定条件!$C$7*T9,"運転",IF(U9<=判定条件!$C$8*T9,"停止","断続"))) -> 判定不能 | W9: 0 | X9: 0 | Y9: =IF(W9<判定条件!$C$6,"判定不能",IF(X9>=判定条件!$C$7*W9,"運転",IF(X9<=判定条件!$C$8*W9,"停止","断続"))) -> 判定不能 | Z9: 0 | AA9: 0 | AB9: =IF(Z9<判定条件!$C$6,"判定不能",IF(AA9>=判定条件!$C$7*Z9,"運転",IF(AA9<=判定条件!$C$8*Z9,"停止","断続"))) -> 判定不能 | AC9: 0 | AD9: 0 | AE9: =IF(AC9<判定条件!$C$6,"判定不能",IF(AD9>=判定条件!$C$7*AC9,"運転",IF(AD9<=判定条件!$C$8*AC9,"停止","断続"))) -> 判定不能 | AF9: 0 | AG9: 0 | AH9: =IF(OR(P9="判定不能",G9="判定不能"),"判定不能",IF(AG9>=判定条件!$C$9,"利用可",IF(AND(P9="停止",G9="停止"),"両方停止","運転がそろわない"))) -> 判定不能 | AI9: 0 | AJ9: 0 | AK9: =IF(OR(S9="判定不能",J9="判定不能"),"判定不能",IF(AJ9>=判定条件!$C$9,"利用可",IF(AND(S9="停止",J9="停止"),"両方停止","運転がそろわない"))) -> 判定不能 | AL9: 0 | AM9: 0 | AN9: =IF(OR(V9="判定不能",M9="判定不能"),"判定不能",IF(AM9>=判定条件!$C$9,"利用可",IF(AND(V9="停止",M9="停止"),"両方停止","運転がそろわない"))) -> 判定不能 | AO9: 0 | AP9: 0 | AQ9: =IF(OR(Y9="判定不能",G9="判定不能"),"判定不能",IF(AP9>=判定条件!$C$9,"利用可",IF(AND(Y9="停止",G9="停止"),"両方停止","運転がそろわない"))) -> 判定不能 | AR9: 0 | AS9: 0 | AT9: =IF(OR(AB9="判定不能",J9="判定不能"),"判定不能",IF(AS9>=判定条件!$C$9,"利用可",IF(AND(AB9="停止",J9="停止"),"両方停止","運転がそろわない"))) -> 判定不能 | AU9: 0 | AV9: 0 | AW9: =IF(OR(AE9="判定不能",M9="判定不能"),"判定不能",IF(AV9>=判定条件!$C$9,"利用可",IF(AND(AE9="停止",M9="停止"),"両方停止","運転がそろわない"))) -> 判定不能 | AX9: =IF(AND(AH9="利用可",AK9="利用可",AN9="利用可"),"利用可","不可") -> 不可 | AY9: =IF(AND(AQ9="利用可",AT9="利用可",AW9="利用可"),"利用可","不可") -> 不可
A10: 46232 | B10: 7 | C10: 水 | D10: 平日 | E10: 0 | F10: 0 | G10: =IF(E10<判定条件!$C$6,"判定不能",IF(F10>=判定条件!$C$7*E10,"運転",IF(F10<=判定条件!$C$8*E10,"停止","断続"))) -> 判定不能 | H10: 0 | I10: 0 | J10: =IF(H10<判定条件!$C$6,"判定不能",IF(I10>=判定条件!$C$7*H10,"運転",IF(I10<=判定条件!$C$8*H10,"停止","断続"))) -> 判定不能 | K10: 0 | L10: 0 | M10: =IF(K10<判定条件!$C$6,"判定不能",IF(L10>=判定条件!$C$7*K10,"運転",IF(L10<=判定条件!$C$8*K10,"停止","断続"))) -> 判定不能 | N10: 0 | O10: 0 | P10: =IF(N10<判定条件!$C$6,"判定不能",IF(O10>=判定条件!$C$7*N10,"運転",IF(O10<=判定条件!$C$8*N10,"停止","断続"))) -> 判定不能 | Q10: 0 | R10: 0 | S10: =IF(Q10<判定条件!$C$6,"判定不能",IF(R10>=判定条件!$C$7*Q10,"運転",IF(R10<=判定条件!$C$8*Q10,"停止","断続"))) -> 判定不能 | T10: 0 | U10: 0 | V10: =IF(T10<判定条件!$C$6,"判定不能",IF(U10>=判定条件!$C$7*T10,"運転",IF(U10<=判定条件!$C$8*T10,"停止","断続"))) -> 判定不能 | W10: 0 | X10: 0 | Y10: =IF(W10<判定条件!$C$6,"判定不能",IF(X10>=判定条件!$C$7*W10,"運転",IF(X10<=判定条件!$C$8*W10,"停止","断続"))) -> 判定不能 | Z10: 0 | AA10: 0 | AB10: =IF(Z10<判定条件!$C$6,"判定不能",IF(AA10>=判定条件!$C$7*Z10,"運転",IF(AA10<=判定条件!$C$8*Z10,"停止","断続"))) -> 判定不能 | AC10: 0 | AD10: 0 | AE10: =IF(AC10<判定条件!$C$6,"判定不能",IF(AD10>=判定条件!$C$7*AC10,"運転",IF(AD10<=判定条件!$C$8*AC10,"停止","断続"))) -> 判定不能 | AF10: 0 | AG10: 0 | AH10: =IF(OR(P10="判定不能",G10="判定不能"),"判定不能",IF(AG10>=判定条件!$C$9,"利用可",IF(AND(P10="停止",G10="停止"),"両方停止","運転がそろわない"))) -> 判定不能 | AI10: 0 | AJ10: 0 | AK10: =IF(OR(S10="判定不能",J10="判定不能"),"判定不能",IF(AJ10>=判定条件!$C$9,"利用可",IF(AND(S10="停止",J10="停止"),"両方停止","運転がそろわない"))) -> 判定不能 | AL10: 0 | AM10: 0 | AN10: =IF(OR(V10="判定不能",M10="判定不能"),"判定不能",IF(AM10>=判定条件!$C$9,"利用可",IF(AND(V10="停止",M10="停止"),"両方停止","運転がそろわない"))) -> 判定不能 | AO10: 0 | AP10: 0 | AQ10: =IF(OR(Y10="判定不能",G10="判定不能"),"判定不能",IF(AP10>=判定条件!$C$9,"利用可",IF(AND(Y10="停止",G10="停止"),"両方停止","運転がそろわない"))) -> 判定不能 | AR10: 0 | AS10: 0 | AT10: =IF(OR(AB10="判定不能",J10="判定不能"),"判定不能",IF(AS10>=判定条件!$C$9,"利用可",IF(AND(AB10="停止",J10="停止"),"両方停止","運転がそろわない"))) -> 判定不能 | AU10: 0 | AV10: 0 | AW10: =IF(OR(AE10="判定不能",M10="判定不能"),"判定不能",IF(AV10>=判定条件!$C$9,"利用可",IF(AND(AE10="停止",M10="停止"),"両方停止","運転がそろわない"))) -> 判定不能 | AX10: =IF(AND(AH10="利用可",AK10="利用可",AN10="利用可"),"利用可","不可") -> 不可 | AY10: =IF(AND(AQ10="利用可",AT10="利用可",AW10="利用可"),"利用可","不可") -> 不可
A11: 46232 | B11: 8 | C11: 水 | D11: 平日 | E11: 0 | F11: 0 | G11: =IF(E11<判定条件!$C$6,"判定不能",IF(F11>=判定条件!$C$7*E11,"運転",IF(F11<=判定条件!$C$8*E11,"停止","断続"))) -> 判定不能 | H11: 0 | I11: 0 | J11: =IF(H11<判定条件!$C$6,"判定不能",IF(I11>=判定条件!$C$7*H11,"運転",IF(I11<=判定条件!$C$8*H11,"停止","断続"))) -> 判定不能 | K11: 0 | L11: 0 | M11: =IF(K11<判定条件!$C$6,"判定不能",IF(L11>=判定条件!$C$7*K11,"運転",IF(L11<=判定条件!$C$8*K11,"停止","断続"))) -> 判定不能 | N11: 0 | O11: 0 | P11: =IF(N11<判定条件!$C$6,"判定不能",IF(O11>=判定条件!$C$7*N11,"運転",IF(O11<=判定条件!$C$8*N11,"停止","断続"))) -> 判定不能 | Q11: 0 | R11: 0 | S11: =IF(Q11<判定条件!$C$6,"判定不能",IF(R11>=判定条件!$C$7*Q11,"運転",IF(R11<=判定条件!$C$8*Q11,"停止","断続"))) -> 判定不能 | T11: 0 | U11: 0 | V11: =IF(T11<判定条件!$C$6,"判定不能",IF(U11>=判定条件!$C$7*T11,"運転",IF(U11<=判定条件!$C$8*T11,"停止","断続"))) -> 判定不能 | W11: 0 | X11: 0 | Y11: =IF(W11<判定条件!$C$6,"判定不能",IF(X11>=判定条件!$C$7*W11,"運転",IF(X11<=判定条件!$C$8*W11,"停止","断続"))) -> 判定不能 | Z11: 0 | AA11: 0 | AB11: =IF(Z11<判定条件!$C$6,"判定不能",IF(AA11>=判定条件!$C$7*Z11,"運転",IF(AA11<=判定条件!$C$8*Z11,"停止","断続"))) -> 判定不能 | AC11: 0 | AD11: 0 | AE11: =IF(AC11<判定条件!$C$6,"判定不能",IF(AD11>=判定条件!$C$7*AC11,"運転",IF(AD11<=判定条件!$C$8*AC11,"停止","断続"))) -> 判定不能 | AF11: 0 | AG11: 0 | AH11: =IF(OR(P11="判定不能",G11="判定不能"),"判定不能",IF(AG11>=判定条件!$C$9,"利用可",IF(AND(P11="停止",G11="停止"),"両方停止","運転がそろわない"))) -> 判定不能 | AI11: 0 | AJ11: 0 | AK11: =IF(OR(S11="判定不能",J11="判定不能"),"判定不能",IF(AJ11>=判定条件!$C$9,"利用可",IF(AND(S11="停止",J11="停止"),"両方停止","運転がそろわない"))) -> 判定不能 | AL11: 0 | AM11: 0 | AN11: =IF(OR(V11="判定不能",M11="判定不能"),"判定不能",IF(AM11>=判定条件!$C$9,"利用可",IF(AND(V11="停止",M11="停止"),"両方停止","運転がそろわない"))) -> 判定不能 | AO11: 0 | AP11: 0 | AQ11: =IF(OR(Y11="判定不能",G11="判定不能"),"判定不能",IF(AP11>=判定条件!$C$9,"利用可",IF(AND(Y11="停止",G11="停止"),"両方停止","運転がそろわない"))) -> 判定不能 | AR11: 0 | AS11: 0 | AT11: =IF(OR(AB11="判定不能",J11="判定不能"),"判定不能",IF(AS11>=判定条件!$C$9,"利用可",IF(AND(AB11="停止",J11="停止"),"両方停止","運転がそろわない"))) -> 判定不能 | AU11: 0 | AV11: 0 | AW11: =IF(OR(AE11="判定不能",M11="判定不能"),"判定不能",IF(AV11>=判定条件!$C$9,"利用可",IF(AND(AE11="停止",M11="停止"),"両方停止","運転がそろわない"))) -> 判定不能 | AX11: =IF(AND(AH11="利用可",AK11="利用可",AN11="利用可"),"利用可","不可") -> 不可 | AY11: =IF(AND(AQ11="利用可",AT11="利用可",AW11="利用可"),"利用可","不可") -> 不可
A12: 46232 | B12: 9 | C12: 水 | D12: 平日 | E12: 0 | F12: 0 | G12: =IF(E12<判定条件!$C$6,"判定不能",IF(F12>=判定条件!$C$7*E12,"運転",IF(F12<=判定条件!$C$8*E12,"停止","断続"))) -> 判定不能 | H12: 0 | I12: 0 | J12: =IF(H12<判定条件!$C$6,"判定不能",IF(I12>=判定条件!$C$7*H12,"運転",IF(I12<=判定条件!$C$8*H12,"停止","断続"))) -> 判定不能 | K12: 0 | L12: 0 | M12: =IF(K12<判定条件!$C$6,"判定不能",IF(L12>=判定条件!$C$7*K12,"運転",IF(L12<=判定条件!$C$8*K12,"停止","断続"))) -> 判定不能 | N12: 0 | O12: 0 | P12: =IF(N12<判定条件!$C$6,"判定不能",IF(O12>=判定条件!$C$7*N12,"運転",IF(O12<=判定条件!$C$8*N12,"停止","断続"))) -> 判定不能 | Q12: 0 | R12: 0 | S12: =IF(Q12<判定条件!$C$6,"判定不能",IF(R12>=判定条件!$C$7*Q12,"運転",IF(R12<=判定条件!$C$8*Q12,"停止","断続"))) -> 判定不能 | T12: 0 | U12: 0 | V12: =IF(T12<判定条件!$C$6,"判定不能",IF(U12>=判定条件!$C$7*T12,"運転",IF(U12<=判定条件!$C$8*T12,"停止","断続"))) -> 判定不能 | W12: 0 | X12: 0 | Y12: =IF(W12<判定条件!$C$6,"判定不能",IF(X12>=判定条件!$C$7*W12,"運転",IF(X12<=判定条件!$C$8*W12,"停止","断続"))) -> 判定不能 | Z12: 0 | AA12: 0 | AB12: =IF(Z12<判定条件!$C$6,"判定不能",IF(AA12>=判定条件!$C$7*Z12,"運転",IF(AA12<=判定条件!$C$8*Z12,"停止","断続"))) -> 判定不能 | AC12: 0 | AD12: 0 | AE12: =IF(AC12<判定条件!$C$6,"判定不能",IF(AD12>=判定条件!$C$7*AC12,"運転",IF(AD12<=判定条件!$C$8*AC12,"停止","断続"))) -> 判定不能 | AF12: 0 | AG12: 0 | AH12: =IF(OR(P12="判定不能",G12="判定不能"),"判定不能",IF(AG12>=判定条件!$C$9,"利用可",IF(AND(P12="停止",G12="停止"),"両方停止","運転がそろわない"))) -> 判定不能 | AI12: 0 | AJ12: 0 | AK12: =IF(OR(S12="判定不能",J12="判定不能"),"判定不能",IF(AJ12>=判定条件!$C$9,"利用可",IF(AND(S12="停止",J12="停止"),"両方停止","運転がそろわない"))) -> 判定不能 | AL12: 0 | AM12: 0 | AN12: =IF(OR(V12="判定不能",M12="判定不能"),"判定不能",IF(AM12>=判定条件!$C$9,"利用可",IF(AND(V12="停止",M12="停止"),"両方停止","運転がそろわない"))) -> 判定不能 | AO12: 0 | AP12: 0 | AQ12: =IF(OR(Y12="判定不能",G12="判定不能"),"判定不能",IF(AP12>=判定条件!$C$9,"利用可",IF(AND(Y12="停止",G12="停止"),"両方停止","運転がそろわない"))) -> 判定不能 | AR12: 0 | AS12: 0 | AT12: =IF(OR(AB12="判定不能",J12="判定不能"),"判定不能",IF(AS12>=判定条件!$C$9,"利用可",IF(AND(AB12="停止",J12="停止"),"両方停止","運転がそろわない"))) -> 判定不能 | AU12: 0 | AV12: 0 | AW12: =IF(OR(AE12="判定不能",M12="判定不能"),"判定不能",IF(AV12>=判定条件!$C$9,"利用可",IF(AND(AE12="停止",M12="停止"),"両方停止","運転がそろわない"))) -> 判定不能 | AX12: =IF(AND(AH12="利用可",AK12="利用可",AN12="利用可"),"利用可","不可") -> 不可 | AY12: =IF(AND(AQ12="利用可",AT12="利用可",AW12="利用可"),"利用可","不可") -> 不可
A13: 46232 | B13: 10 | C13: 水 | D13: 平日 | E13: 0 | F13: 0 | G13: =IF(E13<判定条件!$C$6,"判定不能",IF(F13>=判定条件!$C$7*E13,"運転",IF(F13<=判定条件!$C$8*E13,"停止","断続"))) -> 判定不能 | H13: 0 | I13: 0 | J13: =IF(H13<判定条件!$C$6,"判定不能",IF(I13>=判定条件!$C$7*H13,"運転",IF(I13<=判定条件!$C$8*H13,"停止","断続"))) -> 判定不能 | K13: 0 | L13: 0 | M13: =IF(K13<判定条件!$C$6,"判定不能",IF(L13>=判定条件!$C$7*K13,"運転",IF(L13<=判定条件!$C$8*K13,"停止","断続"))) -> 判定不能 | N13: 0 | O13: 0 | P13: =IF(N13<判定条件!$C$6,"判定不能",IF(O13>=判定条件!$C$7*N13,"運転",IF(O13<=判定条件!$C$8*N13,"停止","断続"))) -> 判定不能 | Q13: 0 | R13: 0 | S13: =IF(Q13<判定条件!$C$6,"判定不能",IF(R13>=判定条件!$C$7*Q13,"運転",IF(R13<=判定条件!$C$8*Q13,"停止","断続"))) -> 判定不能 | T13: 0 | U13: 0 | V13: =IF(T13<判定条件!$C$6,"判定不能",IF(U13>=判定条件!$C$7*T13,"運転",IF(U13<=判定条件!$C$8*T13,"停止","断続"))) -> 判定不能 | W13: 0 | X13: 0 | Y13: =IF(W13<判定条件!$C$6,"判定不能",IF(X13>=判定条件!$C$7*W13,"運転",IF(X13<=判定条件!$C$8*W13,"停止","断続"))) -> 判定不能 | Z13: 0 | AA13: 0 | AB13: =IF(Z13<判定条件!$C$6,"判定不能",IF(AA13>=判定条件!$C$7*Z13,"運転",IF(AA13<=判定条件!$C$8*Z13,"停止","断続"))) -> 判定不能 | AC13: 0 | AD13: 0 | AE13: =IF(AC13<判定条件!$C$6,"判定不能",IF(AD13>=判定条件!$C$7*AC13,"運転",IF(AD13<=判定条件!$C$8*AC13,"停止","断続"))) -> 判定不能 | AF13: 0 | AG13: 0 | AH13: =IF(OR(P13="判定不能",G13="判定不能"),"判定不能",IF(AG13>=判定条件!$C$9,"利用可",IF(AND(P13="停止",G13="停止"),"両方停止","運転がそろわない"))) -> 判定不能 | AI13: 0 | AJ13: 0 | AK13: =IF(OR(S13="判定不能",J13="判定不能"),"判定不能",IF(AJ13>=判定条件!$C$9,"利用可",IF(AND(S13="停止",J13="停止"),"両方停止","運転がそろわない"))) -> 判定不能 | AL13: 0 | AM13: 0 | AN13: =IF(OR(V13="判定不能",M13="判定不能"),"判定不能",IF(AM13>=判定条件!$C$9,"利用可",IF(AND(V13="停止",M13="停止"),"両方停止","運転がそろわない"))) -> 判定不能 | AO13: 0 | AP13: 0 | AQ13: =IF(OR(Y13="判定不能",G13="判定不能"),"判定不能",IF(AP13>=判定条件!$C$9,"利用可",IF(AND(Y13="停止",G13="停止"),"両方停止","運転がそろわない"))) -> 判定不能 | AR13: 0 | AS13: 0 | AT13: =IF(OR(AB13="判定不能",J13="判定不能"),"判定不能",IF(AS13>=判定条件!$C$9,"利用可",IF(AND(AB13="停止",J13="停止"),"両方停止","運転がそろわない"))) -> 判定不能 | AU13: 0 | AV13: 0 | AW13: =IF(OR(AE13="判定不能",M13="判定不能"),"判定不能",IF(AV13>=判定条件!$C$9,"利用可",IF(AND(AE13="停止",M13="停止"),"両方停止","運転がそろわない"))) -> 判定不能 | AX13: =IF(AND(AH13="利用可",AK13="利用可",AN13="利用可"),"利用可","不可") -> 不可 | AY13: =IF(AND(AQ13="利用可",AT13="利用可",AW13="利用可"),"利用可","不可") -> 不可
A14: 46232 | B14: 11 | C14: 水 | D14: 平日 | E14: 0 | F14: 0 | G14: =IF(E14<判定条件!$C$6,"判定不能",IF(F14>=判定条件!$C$7*E14,"運転",IF(F14<=判定条件!$C$8*E14,"停止","断続"))) -> 判定不能 | H14: 0 | I14: 0 | J14: =IF(H14<判定条件!$C$6,"判定不能",IF(I14>=判定条件!$C$7*H14,"運転",IF(I14<=判定条件!$C$8*H14,"停止","断続"))) -> 判定不能 | K14: 0 | L14: 0 | M14: =IF(K14<判定条件!$C$6,"判定不能",IF(L14>=判定条件!$C$7*K14,"運転",IF(L14<=判定条件!$C$8*K14,"停止","断続"))) -> 判定不能 | N14: 0 | O14: 0 | P14: =IF(N14<判定条件!$C$6,"判定不能",IF(O14>=判定条件!$C$7*N14,"運転",IF(O14<=判定条件!$C$8*N14,"停止","断続"))) -> 判定不能 | Q14: 0 | R14: 0 | S14: =IF(Q14<判定条件!$C$6,"判定不能",IF(R14>=判定条件!$C$7*Q14,"運転",IF(R14<=判定条件!$C$8*Q14,"停止","断続"))) -> 判定不能 | T14: 0 | U14: 0 | V14: =IF(T14<判定条件!$C$6,"判定不能",IF(U14>=判定条件!$C$7*T14,"運転",IF(U14<=判定条件!$C$8*T14,"停止","断続"))) -> 判定不能 | W14: 0 | X14: 0 | Y14: =IF(W14<判定条件!$C$6,"判定不能",IF(X14>=判定条件!$C$7*W14,"運転",IF(X14<=判定条件!$C$8*W14,"停止","断続"))) -> 判定不能 | Z14: 0 | AA14: 0 | AB14: =IF(Z14<判定条件!$C$6,"判定不能",IF(AA14>=判定条件!$C$7*Z14,"運転",IF(AA14<=判定条件!$C$8*Z14,"停止","断続"))) -> 判定不能 | AC14: 0 | AD14: 0 | AE14: =IF(AC14<判定条件!$C$6,"判定不能",IF(AD14>=判定条件!$C$7*AC14,"運転",IF(AD14<=判定条件!$C$8*AC14,"停止","断続"))) -> 判定不能 | AF14: 0 | AG14: 0 | AH14: =IF(OR(P14="判定不能",G14="判定不能"),"判定不能",IF(AG14>=判定条件!$C$9,"利用可",IF(AND(P14="停止",G14="停止"),"両方停止","運転がそろわない"))) -> 判定不能 | AI14: 0 | AJ14: 0 | AK14: =IF(OR(S14="判定不能",J14="判定不能"),"判定不能",IF(AJ14>=判定条件!$C$9,"利用可",IF(AND(S14="停止",J14="停止"),"両方停止","運転がそろわない"))) -> 判定不能 | AL14: 0 | AM14: 0 | AN14: =IF(OR(V14="判定不能",M14="判定不能"),"判定不能",IF(AM14>=判定条件!$C$9,"利用可",IF(AND(V14="停止",M14="停止"),"両方停止","運転がそろわない"))) -> 判定不能 | AO14: 0 | AP14: 0 | AQ14: =IF(OR(Y14="判定不能",G14="判定不能"),"判定不能",IF(AP14>=判定条件!$C$9,"利用可",IF(AND(Y14="停止",G14="停止"),"両方停止","運転がそろわない"))) -> 判定不能 | AR14: 0 | AS14: 0 | AT14: =IF(OR(AB14="判定不能",J14="判定不能"),"判定不能",IF(AS14>=判定条件!$C$9,"利用可",IF(AND(AB14="停止",J14="停止"),"両方停止","運転がそろわない"))) -> 判定不能 | AU14: 0 | AV14: 0 | AW14: =IF(OR(AE14="判定不能",M14="判定不能"),"判定不能",IF(AV14>=判定条件!$C$9,"利用可",IF(AND(AE14="停止",M14="停止"),"両方停止","運転がそろわない"))) -> 判定不能 | AX14: =IF(AND(AH14="利用可",AK14="利用可",AN14="利用可"),"利用可","不可") -> 不可 | AY14: =IF(AND(AQ14="利用可",AT14="利用可",AW14="利用可"),"利用可","不可") -> 不可
... A1850: 46308 | B1850: 23 | C1850: 火 | D1850: 平日 | E1850: 0 | F1850: 0 | G1850: =IF(E1850<判定条件!$C$6,"判定不能",IF(F1850>=判定条件!$C$7*E1850,"運転",IF(F1850<=判定条件!$C$8*E1850,"停止","断続"))) -> 判定不能 | H1850: 0 | I1850: 0 | J1850: =IF(H1850<判定条件!$C$6,"判定不能",IF(I1850>=判定条件!$C$7*H1850,"運転",IF(I1850<=判定条件!$C$8*H1850,"停止","断続"))) -> 判定不能 | K1850: 0 | L1850: 0 | M1850: =IF(K1850<判定条件!$C$6,"判定不能",IF(L1850>=判定条件!$C$7*K1850,"運転",IF(L1850<=判定条件!$C$8*K1850,"停止","断続"))) -> 判定不能 | N1850: 0 | O1850: 0 | P1850: =IF(N1850<判定条件!$C$6,"判定不能",IF(O1850>=判定条件!$C$7*N1850,"運転",IF(O1850<=判定条件!$C$8*N1850,"停止","断続"))) -> 判定不能 | Q1850: 0 | R1850: 0 | S1850: =IF(Q1850<判定条件!$C$6,"判定不能",IF(R1850>=判定条件!$C$7*Q1850,"運転",IF(R1850<=判定条件!$C$8*Q1850,"停止","断続"))) -> 判定不能 | T1850: 0 | U1850: 0 | V1850: =IF(T1850<判定条件!$C$6,"判定不能",IF(U1850>=判定条件!$C$7*T1850,"運転",IF(U1850<=判定条件!$C$8*T1850,"停止","断続"))) -> 判定不能 | W1850: 0 | X1850: 0 | Y1850: =IF(W1850<判定条件!$C$6,"判定不能",IF(X1850>=判定条件!$C$7*W1850,"運転",IF(X1850<=判定条件!$C$8*W1850,"停止","断続"))) -> 判定不能 | Z1850: 0 | AA1850: 0 | AB1850: =IF(Z1850<判定条件!$C$6,"判定不能",IF(AA1850>=判定条件!$C$7*Z1850,"運転",IF(AA1850<=判定条件!$C$8*Z1850,"停止","断続"))) -> 判定不能 | AC1850: 0 | AD1850: 0 | AE1850: =IF(AC1850<判定条件!$C$6,"判定不能",IF(AD1850>=判定条件!$C$7*AC1850,"運転",IF(AD1850<=判定条件!$C$8*AC1850,"停止","断続"))) -> 判定不能 | AF1850: 0 | AG1850: 0 | AH1850: =IF(OR(P1850="判定不能",G1850="判定不能"),"判定不能",IF(AG1850>=判定条件!$C$9,"利用可",IF(AND(P1850="停止",G1850="停止"),"両方停止","運転がそろわない"))) -> 判定不能 | AI1850: 0 | AJ1850: 0 | AK1850: =IF(OR(S1850="判定不能",J1850="判定不能"),"判定不能",IF(AJ1850>=判定条件!$C$9,"利用可",IF(AND(S1850="停止",J1850="停止"),"両方停止","運転がそろわない"))) -> 判定不能 | AL1850: 0 | AM1850: 0 | AN1850: =IF(OR(V1850="判定不能",M1850="判定不能"),"判定不能",IF(AM1850>=判定条件!$C$9,"利用可",IF(AND(V1850="停止",M1850="停止"),"両方停止","運転がそろわない"))) -> 判定不能 | AO1850: 0 | AP1850: 0 | AQ1850: =IF(OR(Y1850="判定不能",G1850="判定不能"),"判定不能",IF(AP1850>=判定条件!$C$9,"利用可",IF(AND(Y1850="停止",G1850="停止"),"両方停止","運転がそろわない"))) -> 判定不能 | AR1850: 0 | AS1850: 0 | AT1850: =IF(OR(AB1850="判定不能",J1850="判定不能"),"判定不能",IF(AS1850>=判定条件!$C$9,"利用可",IF(AND(AB1850="停止",J1850="停止"),"両方停止","運転がそろわない"))) -> 判定不能 | AU1850: 0 | AV1850: 0 | AW1850: =IF(OR(AE1850="判定不能",M1850="判定不能"),"判定不能",IF(AV1850>=判定条件!$C$9,"利用可",IF(AND(AE1850="停止",M1850="停止"),"両方停止","運転がそろわない"))) -> 判定不能 | AX1850: =IF(AND(AH1850="利用可",AK1850="利用可",AN1850="利用可"),"利用可","不可") -> 不可 | AY1850: =IF(AND(AQ1850="利用可",AT1850="利用可",AW1850="利用可"),"利用可","不可") -> 不可

Sheet 時間帯の一覧_列8
A1: 列8：組ごとの判定（○＝利用可、停＝両方停止、×＝運転がそろわない、－＝判定不能）
C2: 8-1と3-1 | AB2: 8-2と3-2 | BA2: 8-3と3-3
C3: 0 | D3: 1 | E3: 2 | F3: 3 | G3: 4 | H3: 5 | I3: 6 | J3: 7 | K3: 8 | L3: 9 | M3: 10 | N3: 11 | O3: 12 | P3: 13 | Q3: 14 | R3: 15 | S3: 16 | T3: 17 | U3: 18 | V3: 19 | W3: 20 | X3: 21 | Y3: 22 | Z3: 23 | AB3: 0 | AC3: 1 | AD3: 2 | AE3: 3 | AF3: 4 | AG3: 5 | AH3: 6 | AI3: 7 | AJ3: 8 | AK3: 9 | AL3: 10 | AM3: 11 | AN3: 12 | AO3: 13 | AP3: 14 | AQ3: 15 | AR3: 16 | AS3: 17 | AT3: 18 | AU3: 19 | AV3: 20 | AW3: 21 | AX3: 22 | AY3: 23 | BA3: 0 | BB3: 1 | BC3: 2 | BD3: 3 | BE3: 4 | BF3: 5 | BG3: 6 | BH3: 7 | BI3: 8 | BJ3: 9 | BK3: 10 | BL3: 11 | BM3: 12 | BN3: 13 | BO3: 14 | BP3: 15 | BQ3: 16 | BR3: 17 | BS3: 18 | BT3: 19 | BU3: 20 | BV3: 21 | BW3: 22 | BX3: 23
A4: 46232 | B4: 水 | C4: =IFERROR(CHOOSE(MATCH(INDEX(時間ごとの判定!$AH$3:$AH$1850,1),{"利用可","両方停止","運転がそろわない","判定不能"},0),"○","停","×","－"),"") -> － | D4: =IFERROR(CHOOSE(MATCH(INDEX(時間ごとの判定!$AH$3:$AH$1850,2),{"利用可","両方停止","運転がそろわない","判定不能"},0),"○","停","×","－"),"") -> － | E4: =IFERROR(CHOOSE(MATCH(INDEX(時間ごとの判定!$AH$3:$AH$1850,3),{"利用可","両方停止","運転がそろわない","判定不能"},0),"○","停","×","－"),"") -> － | F4: =IFERROR(CHOOSE(MATCH(INDEX(時間ごとの判定!$AH$3:$AH$1850,4),{"利用可","両方停止","運転がそろわない","判定不能"},0),"○","停","×","－"),"") -> － | G4: =IFERROR(CHOOSE(MATCH(INDEX(時間ごとの判定!$AH$3:$AH$1850,5),{"利用可","両方停止","運転がそろわない","判定不能"},0),"○","停","×","－"),"") -> － | H4: =IFERROR(CHOOSE(MATCH(INDEX(時間ごとの判定!$AH$3:$AH$1850,6),{"利用可","両方停止","運転がそろわない","判定不能"},0),"○","停","×","－"),"") -> － | I4: =IFERROR(CHOOSE(MATCH(INDEX(時間ごとの判定!$AH$3:$AH$1850,7),{"利用可","両方停止","運転がそろわない","判定不能"},0),"○","停","×","－"),"") -> － | J4: =IFERROR(CHOOSE(MATCH(INDEX(時間ごとの判定!$AH$3:$AH$1850,8),{"利用可","両方停止","運転がそろわない","判定不能"},0),"○","停","×","－"),"") -> － | K4: =IFERROR(CHOOSE(MATCH(INDEX(時間ごとの判定!$AH$3:$AH$1850,9),{"利用可","両方停止","運転がそろわない","判定不能"},0),"○","停","×","－"),"") -> － | L4: =IFERROR(CHOOSE(MATCH(INDEX(時間ごとの判定!$AH$3:$AH$1850,10),{"利用可","両方停止","運転がそろわない","判定不能"},0),"○","停","×","－"),"") -> － | M4: =IFERROR(CHOOSE(MATCH(INDEX(時間ごとの判定!$AH$3:$AH$1850,11),{"利用可","両方停止","運転がそろわない","判定不能"},0),"○","停","×","－"),"") -> － | N4: =IFERROR(CHOOSE(MATCH(INDEX(時間ごとの判定!$AH$3:$AH$1850,12),{"利用可","両方停止","運転がそろわない","判定不能"},0),"○","停","×","－"),"") -> － | O4: =IFERROR(CHOOSE(MATCH(INDEX(時間ごとの判定!$AH$3:$AH$1850,13),{"利用可","両方停止","運転がそろわない","判定不能"},0),"○","停","×","－"),"") -> － | P4: =IFERROR(CHOOSE(MATCH(INDEX(時間ごとの判定!$AH$3:$AH$1850,14),{"利用可","両方停止","運転がそろわない","判定不能"},0),"○","停","×","－"),"") -> － | Q4: =IFERROR(CHOOSE(MATCH(INDEX(時間ごとの判定!$AH$3:$AH$1850,15),{"利用可","両方停止","運転がそろわない","判定不能"},0),"○","停","×","－"),"") -> － | R4: =IFERROR(CHOOSE(MATCH(INDEX(時間ごとの判定!$AH$3:$AH$1850,16),{"利用可","両方停止","運転がそろわない","判定不能"},0),"○","停","×","－"),"") -> － | S4: =IFERROR(CHOOSE(MATCH(INDEX(時間ごとの判定!$AH$3:$AH$1850,17),{"利用可","両方停止","運転がそろわない","判定不能"},0),"○","停","×","－"),"") -> － | T4: =IFERROR(CHOOSE(MATCH(INDEX(時間ごとの判定!$AH$3:$AH$1850,18),{"利用可","両方停止","運転がそろわない","判定不能"},0),"○","停","×","－"),"") -> × | U4: =IFERROR(CHOOSE(MATCH(INDEX(時間ごとの判定!$AH$3:$AH$1850,19),{"利用可","両方停止","運転がそろわない","判定不能"},0),"○","停","×","－"),"") -> × | V4: =IFERROR(CHOOSE(MATCH(INDEX(時間ごとの判定!$AH$3:$AH$1850,20),{"利用可","両方停止","運転がそろわない","判定不能"},0),"○","停","×","－"),"") -> × | W4: =IFERROR(CHOOSE(MATCH(INDEX(時間ごとの判定!$AH$3:$AH$1850,21),{"利用可","両方停止","運転がそろわない","判定不能"},0),"○","停","×","－"),"") -> × | X4: =IFERROR(CHOOSE(MATCH(INDEX(時間ごとの判定!$AH$3:$AH$1850,22),{"利用可","両方停止","運転がそろわない","判定不能"},0),"○","停","×","－"),"") -> 停 | Y4: =IFERROR(CHOOSE(MATCH(INDEX(時間ごとの判定!$AH$3:$AH$1850,23),{"利用可","両方停止","運転がそろわない","判定不能"},0),"○","停","×","－"),"") -> 停 | Z4: =IFERROR(CHOOSE(MATCH(INDEX(時間ごとの判定!$AH$3:$AH$1850,24),{"利用可","両方停止","運転がそろわない","判定不能"},0),"○","停","×","－"),"") -> 停 | AB4: =IFERROR(CHOOSE(MATCH(INDEX(時間ごとの判定!$AK$3:$AK$1850,1),{"利用可","両方停止","運転がそろわない","判定不能"},0),"○","停","×","－"),"") -> － | AC4: =IFERROR(CHOOSE(MATCH(INDEX(時間ごとの判定!$AK$3:$AK$1850,2),{"利用可","両方停止","運転がそろわない","判定不能"},0),"○","停","×","－"),"") -> － | AD4: =IFERROR(CHOOSE(MATCH(INDEX(時間ごとの判定!$AK$3:$AK$1850,3),{"利用可","両方停止","運転がそろわない","判定不能"},0),"○","停","×","－"),"") -> － | AE4: =IFERROR(CHOOSE(MATCH(INDEX(時間ごとの判定!$AK$3:$AK$1850,4),{"利用可","両方停止","運転がそろわない","判定不能"},0),"○","停","×","－"),"") -> － | AF4: =IFERROR(CHOOSE(MATCH(INDEX(時間ごとの判定!$AK$3:$AK$1850,5),{"利用可","両方停止","運転がそろわない","判定不能"},0),"○","停","×","－"),"") -> － | AG4: =IFERROR(CHOOSE(MATCH(INDEX(時間ごとの判定!$AK$3:$AK$1850,6),{"利用可","両方停止","運転がそろわない","判定不能"},0),"○","停","×","－"),"") -> － | AH4: =IFERROR(CHOOSE(MATCH(INDEX(時間ごとの判定!$AK$3:$AK$1850,7),{"利用可","両方停止","運転がそろわない","判定不能"},0),"○","停","×","－"),"") -> － | AI4: =IFERROR(CHOOSE(MATCH(INDEX(時間ごとの判定!$AK$3:$AK$1850,8),{"利用可","両方停止","運転がそろわない","判定不能"},0),"○","停","×","－"),"") -> － | AJ4: =IFERROR(CHOOSE(MATCH(INDEX(時間ごとの判定!$AK$3:$AK$1850,9),{"利用可","両方停止","運転がそろわない","判定不能"},0),"○","停","×","－"),"") -> － | AK4: =IFERROR(CHOOSE(MATCH(INDEX(時間ごとの判定!$AK$3:$AK$1850,10),{"利用可","両方停止","運転がそろわない","判定不能"},0),"○","停","×","－"),"") -> － | AL4: =IFERROR(CHOOSE(MATCH(INDEX(時間ごとの判定!$AK$3:$AK$1850,11),{"利用可","両方停止","運転がそろわない","判定不能"},0),"○","停","×","－"),"") -> － | AM4: =IFERROR(CHOOSE(MATCH(INDEX(時間ごとの判定!$AK$3:$AK$1850,12),{"利用可","両方停止","運転がそろわない","判定不能"},0),"○","停","×","－"),"") -> － | AN4: =IFERROR(CHOOSE(MATCH(INDEX(時間ごとの判定!$AK$3:$AK$1850,13),{"利用可","両方停止","運転がそろわない","判定不能"},0),"○","停","×","－"),"") -> － | AO4: =IFERROR(CHOOSE(MATCH(INDEX(時間ごとの判定!$AK$3:$AK$1850,14),{"利用可","両方停止","運転がそろわない","判定不能"},0),"○","停","×","－"),"") -> － | AP4: =IFERROR(CHOOSE(MATCH(INDEX(時間ごとの判定!$AK$3:$AK$1850,15),{"利用可","両方停止","運転がそろわない","判定不能"},0),"○","停","×","－"),"") -> － | AQ4: =IFERROR(CHOOSE(MATCH(INDEX(時間ごとの判定!$AK$3:$AK$1850,16),{"利用可","両方停止","運転がそろわない","判定不能"},0),"○","停","×","－"),"") -> － | AR4: =IFERROR(CHOOSE(MATCH(INDEX(時間ごとの判定!$AK$3:$AK$1850,17),{"利用可","両方停止","運転がそろわない","判定不能"},0),"○","停","×","－"),"") -> － | AS4: =IFERROR(CHOOSE(MATCH(INDEX(時間ごとの判定!$AK$3:$AK$1850,18),{"利用可","両方停止","運転がそろわない","判定不能"},0),"○","停","×","－"),"") -> ○ | AT4: =IFERROR(CHOOSE(MATCH(INDEX(時間ごとの判定!$AK$3:$AK$1850,19),{"利用可","両方停止","運転がそろわない","判定不能"},0),"○","停","×","－"),"") -> ○ | AU4: =IFERROR(CHOOSE(MATCH(INDEX(時間ごとの判定!$AK$3:$AK$1850,20),{"利用可","両方停止","運転がそろわない","判定不能"},0),"○","停","×","－"),"") -> ○ | AV4: =IFERROR(CHOOSE(MATCH(INDEX(時間ごとの判定!$AK$3:$AK$1850,21),{"利用可","両方停止","運転がそろわない","判定不能"},0),"○","停","×","－"),"") -> × | AW4: =IFERROR(CHOOSE(MATCH(INDEX(時間ごとの判定!$AK$3:$AK$1850,22),{"利用可","両方停止","運転がそろわない","判定不能"},0),"○","停","×","－"),"") -> 停 | AX4: =IFERROR(CHOOSE(MATCH(INDEX(時間ごとの判定!$AK$3:$AK$1850,23),{"利用可","両方停止","運転がそろわない","判定不能"},0),"○","停","×","－"),"") -> 停 | AY4: =IFERROR(CHOOSE(MATCH(INDEX(時間ごとの判定!$AK$3:$AK$1850,24),{"利用可","両方停止","運転がそろわない","判定不能"},0),"○","停","×","－"),"") -> 停 | BA4: =IFERROR(CHOOSE(MATCH(INDEX(時間ごとの判定!$AN$3:$AN$1850,1),{"利用可","両方停止","運転がそろわない","判定不能"},0),"○","停","×","－"),"") -> － | BB4: =IFERROR(CHOOSE(MATCH(INDEX(時間ごとの判定!$AN$3:$AN$1850,2),{"利用可","両方停止","運転がそろわない","判定不能"},0),"○","停","×","－"),"") -> － | BC4: =IFERROR(CHOOSE(MATCH(INDEX(時間ごとの判定!$AN$3:$AN$1850,3),{"利用可","両方停止","運転がそろわない","判定不能"},0),"○","停","×","－"),"") -> － | BD4: =IFERROR(CHOOSE(MATCH(INDEX(時間ごとの判定!$AN$3:$AN$1850,4),{"利用可","両方停止","運転がそろわない","判定不能"},0),"○","停","×","－"),"") -> － | BE4: =IFERROR(CHOOSE(MATCH(INDEX(時間ごとの判定!$AN$3:$AN$1850,5),{"利用可","両方停止","運転がそろわない","判定不能"},0),"○","停","×","－"),"") -> － | BF4: =IFERROR(CHOOSE(MATCH(INDEX(時間ごとの判定!$AN$3:$AN$1850,6),{"利用可","両方停止","運転がそろわない","判定不能"},0),"○","停","×","－"),"") -> － | BG4: =IFERROR(CHOOSE(MATCH(INDEX(時間ごとの判定!$AN$3:$AN$1850,7),{"利用可","両方停止","運転がそろわない","判定不能"},0),"○","停","×","－"),"") -> － | BH4: =IFERROR(CHOOSE(MATCH(INDEX(時間ごとの判定!$AN$3:$AN$1850,8),{"利用可","両方停止","運転がそろわない","判定不能"},0),"○","停","×","－"),"") -> － | BI4: =IFERROR(CHOOSE(MATCH(INDEX(時間ごとの判定!$AN$3:$AN$1850,9),{"利用可","両方停止","運転がそろわない","判定不能"},0),"○","停","×","－"),"") -> － | BJ4: =IFERROR(CHOOSE(MATCH(INDEX(時間ごとの判定!$AN$3:$AN$1850,10),{"利用可","両方停止","運転がそろわない","判定不能"},0),"○","停","×","－"),"") -> － | BK4: =IFERROR(CHOOSE(MATCH(INDEX(時間ごとの判定!$AN$3:$AN$1850,11),{"利用可","両方停止","運転がそろわない","判定不能"},0),"○","停","×","－"),"") -> － | BL4: =IFERROR(CHOOSE(MATCH(INDEX(時間ごとの判定!$AN$3:$AN$1850,12),{"利用可","両方停止","運転がそろわない","判定不能"},0),"○","停","×","－"),"") -> － | BM4: =IFERROR(CHOOSE(MATCH(INDEX(時間ごとの判定!$AN$3:$AN$1850,13),{"利用可","両方停止","運転がそろわない","判定不能"},0),"○","停","×","－"),"") -> － | BN4: =IFERROR(CHOOSE(MATCH(INDEX(時間ごとの判定!$AN$3:$AN$1850,14),{"利用可","両方停止","運転がそろわない","判定不能"},0),"○","停","×","－"),"") -> － | BO4: =IFERROR(CHOOSE(MATCH(INDEX(時間ごとの判定!$AN$3:$AN$1850,15),{"利用可","両方停止","運転がそろわない","判定不能"},0),"○","停","×","－"),"") -> － | BP4: =IFERROR(CHOOSE(MATCH(INDEX(時間ごとの判定!$AN$3:$AN$1850,16),{"利用可","両方停止","運転がそろわない","判定不能"},0),"○","停","×","－"),"") -> － | BQ4: =IFERROR(CHOOSE(MATCH(INDEX(時間ごとの判定!$AN$3:$AN$1850,17),{"利用可","両方停止","運転がそろわない","判定不能"},0),"○","停","×","－"),"") -> － | BR4: =IFERROR(CHOOSE(MATCH(INDEX(時間ごとの判定!$AN$3:$AN$1850,18),{"利用可","両方停止","運転がそろわない","判定不能"},0),"○","停","×","－"),"") -> ○ | BS4: =IFERROR(CHOOSE(MATCH(INDEX(時間ごとの判定!$AN$3:$AN$1850,19),{"利用可","両方停止","運転がそろわない","判定不能"},0),"○","停","×","－"),"") -> × | BT4: =IFERROR(CHOOSE(MATCH(INDEX(時間ごとの判定!$AN$3:$AN$1850,20),{"利用可","両方停止","運転がそろわない","判定不能"},0),"○","停","×","－"),"") -> × | BU4: =IFERROR(CHOOSE(MATCH(INDEX(時間ごとの判定!$AN$3:$AN$1850,21),{"利用可","両方停止","運転がそろわない","判定不能"},0),"○","停","×","－"),"") -> × | BV4: =IFERROR(CHOOSE(MATCH(INDEX(時間ごとの判定!$AN$3:$AN$1850,22),{"利用可","両方停止","運転がそろわない","判定不能"},0),"○","停","×","－"),"") -> × | BW4: =IFERROR(CHOOSE(MATCH(INDEX(時間ごとの判定!$AN$3:$AN$1850,23),{"利用可","両方停止","運転がそろわない","判定不能"},0),"○","停","×","－"),"") -> × | BX4: =IFERROR(CHOOSE(MATCH(INDEX(時間ごとの判定!$AN$3:$AN$1850,24),{"利用可","両方停止","運転がそろわない","判定不能"},0),"○","停","×","－"),"") -> ×
A5: 46233 | B5: 木 | C5: =IFERROR(CHOOSE(MATCH(INDEX(時間ごとの判定!$AH$3:$AH$1850,25),{"利用可","両方停止","運転がそろわない","判定不能"},0),"○","停","×","－"),"") -> 停 | D5: =IFERROR(CHOOSE(MATCH(INDEX(時間ごとの判定!$AH$3:$AH$1850,26),{"利用可","両方停止","運転がそろわない","判定不能"},0),"○","停","×","－"),"") -> 停 | E5: =IFERROR(CHOOSE(MATCH(INDEX(時間ごとの判定!$AH$3:$AH$1850,27),{"利用可","両方停止","運転がそろわない","判定不能"},0),"○","停","×","－"),"") -> 停 | F5: =IFERROR(CHOOSE(MATCH(INDEX(時間ごとの判定!$AH$3:$AH$1850,28),{"利用可","両方停止","運転がそろわない","判定不能"},0),"○","停","×","－"),"") -> 停 | G5: =IFERROR(CHOOSE(MATCH(INDEX(時間ごとの判定!$AH$3:$AH$1850,29),{"利用可","両方停止","運転がそろわない","判定不能"},0),"○","停","×","－"),"") -> 停 | H5: =IFERROR(CHOOSE(MATCH(INDEX(時間ごとの判定!$AH$3:$AH$1850,30),{"利用可","両方停止","運転がそろわない","判定不能"},0),"○","停","×","－"),"") -> 停 | I5: =IFERROR(CHOOSE(MATCH(INDEX(時間ごとの判定!$AH$3:$AH$1850,31),{"利用可","両方停止","運転がそろわない","判定不能"},0),"○","停","×","－"),"") -> 停 | J5: =IFERROR(CHOOSE(MATCH(INDEX(時間ごとの判定!$AH$3:$AH$1850,32),{"利用可","両方停止","運転がそろわない","判定不能"},0),"○","停","×","－"),"") -> × | K5: =IFERROR(CHOOSE(MATCH(INDEX(時間ごとの判定!$AH$3:$AH$1850,33),{"利用可","両方停止","運転がそろわない","判定不能"},0),"○","停","×","－"),"") -> ○ | L5: =IFERROR(CHOOSE(MATCH(INDEX(時間ごとの判定!$AH$3:$AH$1850,34),{"利用可","両方停止","運転がそろわない","判定不能"},0),"○","停","×","－"),"") -> ○ | M5: =IFERROR(CHOOSE(MATCH(INDEX(時間ごとの判定!$AH$3:$AH$1850,35),{"利用可","両方停止","運転がそろわない","判定不能"},0),"○","停","×","－"),"") -> ○ | N5: =IFERROR(CHOOSE(MATCH(INDEX(時間ごとの判定!$AH$3:$AH$1850,36),{"利用可","両方停止","運転がそろわない","判定不能"},0),"○","停","×","－"),"") -> ○ | O5: =IFERROR(CHOOSE(MATCH(INDEX(時間ごとの判定!$AH$3:$AH$1850,37),{"利用可","両方停止","運転がそろわない","判定不能"},0),"○","停","×","－"),"") -> ○ | P5: =IFERROR(CHOOSE(MATCH(INDEX(時間ごとの判定!$AH$3:$AH$1850,38),{"利用可","両方停止","運転がそろわない","判定不能"},0),"○","停","×","－"),"") -> ○ | Q5: =IFERROR(CHOOSE(MATCH(INDEX(時間ごとの判定!$AH$3:$AH$1850,39),{"利用可","両方停止","運転がそろわない","判定不能"},0),"○","停","×","－"),"") -> ○ | R5: =IFERROR(CHOOSE(MATCH(INDEX(時間ごとの判定!$AH$3:$AH$1850,40),{"利用可","両方停止","運転がそろわない","判定不能"},0),"○","停","×","－"),"") -> ○ | S5: =IFERROR(CHOOSE(MATCH(INDEX(時間ごとの判定!$AH$3:$AH$1850,41),{"利用可","両方停止","運転がそろわない","判定不能"},0),"○","停","×","－"),"") -> ○ | T5: =IFERROR(CHOOSE(MATCH(INDEX(時間ごとの判定!$AH$3:$AH$1850,42),{"利用可","両方停止","運転がそろわない","判定不能"},0),"○","停","×","－"),"") -> ○ | U5: =IFERROR(CHOOSE(MATCH(INDEX(時間ごとの判定!$AH$3:$AH$1850,43),{"利用可","両方停止","運転がそろわない","判定不能"},0),"○","停","×","－"),"") -> × | V5: =IFERROR(CHOOSE(MATCH(INDEX(時間ごとの判定!$AH$3:$AH$1850,44),{"利用可","両方停止","運転がそろわない","判定不能"},0),"○","停","×","－"),"") -> × | W5: =IFERROR(CHOOSE(MATCH(INDEX(時間ごとの判定!$AH$3:$AH$1850,45),{"利用可","両方停止","運転がそろわない","判定不能"},0),"○","停","×","－"),"") -> ○ | X5: =IFERROR(CHOOSE(MATCH(INDEX(時間ごとの判定!$AH$3:$AH$1850,46),{"利用可","両方停止","運転がそろわない","判定不能"},0),"○","停","×","－"),"") -> × | Y5: =IFERROR(CHOOSE(MATCH(INDEX(時間ごとの判定!$AH$3:$AH$1850,47),{"利用可","両方停止","運転がそろわない","判定不能"},0),"○","停","×","－"),"") -> × | Z5: =IFERROR(CHOOSE(MATCH(INDEX(時間ごとの判定!$AH$3:$AH$1850,48),{"利用可","両方停止","運転がそろわない","判定不能"},0),"○","停","×","－"),"") -> × | AB5: =IFERROR(CHOOSE(MATCH(INDEX(時間ごとの判定!$AK$3:$AK$1850,25),{"利用可","両方停止","運転がそろわない","判定不能"},0),"○","停","×","－"),"") -> 停 | AC5: =IFERROR(CHOOSE(MATCH(INDEX(時間ごとの判定!$AK$3:$AK$1850,26),{"利用可","両方停止","運転がそろわない","判定不能"},0),"○","停","×","－"),"") -> 停 | AD5: =IFERROR(CHOOSE(MATCH(INDEX(時間ごとの判定!$AK$3:$AK$1850,27),{"利用可","両方停止","運転がそろわない","判定不能"},0),"○","停","×","－"),"") -> 停 | AE5: =IFERROR(CHOOSE(MATCH(INDEX(時間ごとの判定!$AK$3:$AK$1850,28),{"利用可","両方停止","運転がそろわない","判定不能"},0),"○","停","×","－"),"") -> 停 | AF5: =IFERROR(CHOOSE(MATCH(INDEX(時間ごとの判定!$AK$3:$AK$1850,29),{"利用可","両方停止","運転がそろわない","判定不能"},0),"○","停","×","－"),"") -> 停 | AG5: =IFERROR(CHOOSE(MATCH(INDEX(時間ごとの判定!$AK$3:$AK$1850,30),{"利用可","両方停止","運転がそろわない","判定不能"},0),"○","停","×","－"),"") -> 停 | AH5: =IFERROR(CHOOSE(MATCH(INDEX(時間ごとの判定!$AK$3:$AK$1850,31),{"利用可","両方停止","運転がそろわない","判定不能"},0),"○","停","×","－"),"") -> 停 | AI5: =IFERROR(CHOOSE(MATCH(INDEX(時間ごとの判定!$AK$3:$AK$1850,32),{"利用可","両方停止","運転がそろわない","判定不能"},0),"○","停","×","－"),"") -> × | AJ5: =IFERROR(CHOOSE(MATCH(INDEX(時間ごとの判定!$AK$3:$AK$1850,33),{"利用可","両方停止","運転がそろわない","判定不能"},0),"○","停","×","－"),"") -> ○ | AK5: =IFERROR(CHOOSE(MATCH(INDEX(時間ごとの判定!$AK$3:$AK$1850,34),{"利用可","両方停止","運転がそろわない","判定不能"},0),"○","停","×","－"),"") -> ○ | AL5: =IFERROR(CHOOSE(MATCH(INDEX(時間ごとの判定!$AK$3:$AK$1850,35),{"利用可","両方停止","運転がそろわない","判定不能"},0),"○","停","×","－"),"") -> ○ | AM5: =IFERROR(CHOOSE(MATCH(INDEX(時間ごとの判定!$AK$3:$AK$1850,36),{"利用可","両方停止","運転がそろわない","判定不能"},0),"○","停","×","－"),"") -> ○ | AN5: =IFERROR(CHOOSE(MATCH(INDEX(時間ごとの判定!$AK$3:$AK$1850,37),{"利用可","両方停止","運転がそろわない","判定不能"},0),"○","停","×","－"),"") -> ○ | AO5: =IFERROR(CHOOSE(MATCH(INDEX(時間ごとの判定!$AK$3:$AK$1850,38),{"利用可","両方停止","運転がそろわない","判定不能"},0),"○","停","×","－"),"") -> ○ | AP5: =IFERROR(CHOOSE(MATCH(INDEX(時間ごとの判定!$AK$3:$AK$1850,39),{"利用可","両方停止","運転がそろわない","判定不能"},0),"○","停","×","－"),"") -> ○ | AQ5: =IFERROR(CHOOSE(MATCH(INDEX(時間ごとの判定!$AK$3:$AK$1850,40),{"利用可","両方停止","運転がそろわない","判定不能"},0),"○","停","×","－"),"") -> ○ | AR5: =IFERROR(CHOOSE(MATCH(INDEX(時間ごとの判定!$AK$3:$AK$1850,41),{"利用可","両方停止","運転がそろわない","判定不能"},0),"○","停","×","－"),"") -> ○ | AS5: =IFERROR(CHOOSE(MATCH(INDEX(時間ごとの判定!$AK$3:$AK$1850,42),{"利用可","両方停止","運転がそろわない","判定不能"},0),"○","停","×","－"),"") -> ○ | AT5: =IFERROR(CHOOSE(MATCH(INDEX(時間ごとの判定!$AK$3:$AK$1850,43),{"利用可","両方停止","運転がそろわない","判定不能"},0),"○","停","×","－"),"") -> ○ | AU5: =IFERROR(CHOOSE(MATCH(INDEX(時間ごとの判定!$AK$3:$AK$1850,44),{"利用可","両方停止","運転がそろわない","判定不能"},0),"○","停","×","－"),"") -> ○ | AV5: =IFERROR(CHOOSE(MATCH(INDEX(時間ごとの判定!$AK$3:$AK$1850,45),{"利用可","両方停止","運転がそろわない","判定不能"},0),"○","停","×","－"),"") -> ○ | AW5: =IFERROR(CHOOSE(MATCH(INDEX(時間ごとの判定!$AK$3:$AK$1850,46),{"利用可","両方停止","運転がそろわない","判定不能"},0),"○","停","×","－"),"") -> × | AX5: =IFERROR(CHOOSE(MATCH(INDEX(時間ごとの判定!$AK$3:$AK$1850,47),{"利用可","両方停止","運転がそろわない","判定不能"},0),"○","停","×","－"),"") -> 停 | AY5: =IFERROR(CHOOSE(MATCH(INDEX(時間ごとの判定!$AK$3:$AK$1850,48),{"利用可","両方停止","運転がそろわない","判定不能"},0),"○","停","×","－"),"") -> 停 | BA5: =IFERROR(CHOOSE(MATCH(INDEX(時間ごとの判定!$AN$3:$AN$1850,25),{"利用可","両方停止","運転がそろわない","判定不能"},0),"○","停","×","－"),"") -> × | BB5: =IFERROR(CHOOSE(MATCH(INDEX(時間ごとの判定!$AN$3:$AN$1850,26),{"利用可","両方停止","運転がそろわない","判定不能"},0),"○","停","×","－"),"") -> × | BC5: =IFERROR(CHOOSE(MATCH(INDEX(時間ごとの判定!$AN$3:$AN$1850,27),{"利用可","両方停止","運転がそろわない","判定不能"},0),"○","停","×","－"),"") -> × | BD5: =IFERROR(CHOOSE(MATCH(INDEX(時間ごとの判定!$AN$3:$AN$1850,28),{"利用可","両方停止","運転がそろわない","判定不能"},0),"○","停","×","－"),"") -> × | BE5: =IFERROR(CHOOSE(MATCH(INDEX(時間ごとの判定!$AN$3:$AN$1850,29),{"利用可","両方停止","運転がそろわない","判定不能"},0),"○","停","×","－"),"") -> × | BF5: =IFERROR(CHOOSE(MATCH(INDEX(時間ごとの判定!$AN$3:$AN$1850,30),{"利用可","両方停止","運転がそろわない","判定不能"},0),"○","停","×","－"),"") -> × | BG5: =IFERROR(CHOOSE(MATCH(INDEX(時間ごとの判定!$AN$3:$AN$1850,31),{"利用可","両方停止","運転がそろわない","判定不能"},0),"○","停","×","－"),"") -> × | BH5: =IFERROR(CHOOSE(MATCH(INDEX(時間ごとの判定!$AN$3:$AN$1850,32),{"利用可","両方停止","運転がそろわない","判定不能"},0),"○","停","×","－"),"") -> ○ | BI5: =IFERROR(CHOOSE(MATCH(INDEX(時間ごとの判定!$AN$3:$AN$1850,33),{"利用可","両方停止","運転がそろわない","判定不能"},0),"○","停","×","－"),"") -> ○ | BJ5: =IFERROR(CHOOSE(MATCH(INDEX(時間ごとの判定!$AN$3:$AN$1850,34),{"利用可","両方停止","運転がそろわない","判定不能"},0),"○","停","×","－"),"") -> ○ | BK5: =IFERROR(CHOOSE(MATCH(INDEX(時間ごとの判定!$AN$3:$AN$1850,35),{"利用可","両方停止","運転がそろわない","判定不能"},0),"○","停","×","－"),"") -> ○ | BL5: =IFERROR(CHOOSE(MATCH(INDEX(時間ごとの判定!$AN$3:$AN$1850,36),{"利用可","両方停止","運転がそろわない","判定不能"},0),"○","停","×","－"),"") -> ○ | BM5: =IFERROR(CHOOSE(MATCH(INDEX(時間ごとの判定!$AN$3:$AN$1850,37),{"利用可","両方停止","運転がそろわない","判定不能"},0),"○","停","×","－"),"") -> ○ | BN5: =IFERROR(CHOOSE(MATCH(INDEX(時間ごとの判定!$AN$3:$AN$1850,38),{"利用可","両方停止","運転がそろわない","判定不能"},0),"○","停","×","－"),"") -> ○ | BO5: =IFERROR(CHOOSE(MATCH(INDEX(時間ごとの判定!$AN$3:$AN$1850,39),{"利用可","両方停止","運転がそろわない","判定不能"},0),"○","停","×","－"),"") -> ○ | BP5: =IFERROR(CHOOSE(MATCH(INDEX(時間ごとの判定!$AN$3:$AN$1850,40),{"利用可","両方停止","運転がそろわない","判定不能"},0),"○","停","×","－"),"") -> ○ | BQ5: =IFERROR(CHOOSE(MATCH(INDEX(時間ごとの判定!$AN$3:$AN$1850,41),{"利用可","両方停止","運転がそろわない","判定不能"},0),"○","停","×","－"),"") -> ○ | BR5: =IFERROR(CHOOSE(MATCH(INDEX(時間ごとの判定!$AN$3:$AN$1850,42),{"利用可","両方停止","運転がそろわない","判定不能"},0),"○","停","×","－"),"") -> ○ | BS5: =IFERROR(CHOOSE(MATCH(INDEX(時間ごとの判定!$AN$3:$AN$1850,43),{"利用可","両方停止","運転がそろわない","判定不能"},0),"○","停","×","－"),"") -> × | BT5: =IFERROR(CHOOSE(MATCH(INDEX(時間ごとの判定!$AN$3:$AN$1850,44),{"利用可","両方停止","運転がそろわない","判定不能"},0),"○","停","×","－"),"") -> ○ | BU5: =IFERROR(CHOOSE(MATCH(INDEX(時間ごとの判定!$AN$3:$AN$1850,45),{"利用可","両方停止","運転がそろわない","判定不能"},0),"○","停","×","－"),"") -> × | BV5: =IFERROR(CHOOSE(MATCH(INDEX(時間ごとの判定!$AN$3:$AN$1850,46),{"利用可","両方停止","運転がそろわない","判定不能"},0),"○","停","×","－"),"") -> × | BW5: =IFERROR(CHOOSE(MATCH(INDEX(時間ごとの判定!$AN$3:$AN$1850,47),{"利用可","両方停止","運転がそろわない","判定不能"},0),"○","停","×","－"),"") -> × | BX5: =IFERROR(CHOOSE(MATCH(INDEX(時間ごとの判定!$AN$3:$AN$1850,48),{"利用可","両方停止","運転がそろわない","判定不能"},0),"○","停","×","－"),"") -> ×
A6: 46234 | B6: 金 | C6: =IFERROR(CHOOSE(MATCH(INDEX(時間ごとの判定!$AH$3:$AH$1850,49),{"利用可","両方停止","運転がそろわない","判定不能"},0),"○","停","×","－"),"") -> 停 | D6: =IFERROR(CHOOSE(MATCH(INDEX(時間ごとの判定!$AH$3:$AH$1850,50),{"利用可","両方停止","運転がそろわない","判定不能"},0),"○","停","×","－"),"") -> 停 | E6: =IFERROR(CHOOSE(MATCH(INDEX(時間ごとの判定!$AH$3:$AH$1850,51),{"利用可","両方停止","運転がそろわない","判定不能"},0),"○","停","×","－"),"") -> 停 | F6: =IFERROR(CHOOSE(MATCH(INDEX(時間ごとの判定!$AH$3:$AH$1850,52),{"利用可","両方停止","運転がそろわない","判定不能"},0),"○","停","×","－"),"") -> 停 | G6: =IFERROR(CHOOSE(MATCH(INDEX(時間ごとの判定!$AH$3:$AH$1850,53),{"利用可","両方停止","運転がそろわない","判定不能"},0),"○","停","×","－"),"") -> 停 | H6: =IFERROR(CHOOSE(MATCH(INDEX(時間ごとの判定!$AH$3:$AH$1850,54),{"利用可","両方停止","運転がそろわない","判定不能"},0),"○","停","×","－"),"") -> 停 | I6: =IFERROR(CHOOSE(MATCH(INDEX(時間ごとの判定!$AH$3:$AH$1850,55),{"利用可","両方停止","運転がそろわない","判定不能"},0),"○","停","×","－"),"") -> 停 | J6: =IFERROR(CHOOSE(MATCH(INDEX(時間ごとの判定!$AH$3:$AH$1850,56),{"利用可","両方停止","運転がそろわない","判定不能"},0),"○","停","×","－"),"") -> × | K6: =IFERROR(CHOOSE(MATCH(INDEX(時間ごとの判定!$AH$3:$AH$1850,57),{"利用可","両方停止","運転がそろわない","判定不能"},0),"○","停","×","－"),"") -> × | L6: =IFERROR(CHOOSE(MATCH(INDEX(時間ごとの判定!$AH$3:$AH$1850,58),{"利用可","両方停止","運転がそろわない","判定不能"},0),"○","停","×","－"),"") -> ○ | M6: =IFERROR(CHOOSE(MATCH(INDEX(時間ごとの判定!$AH$3:$AH$1850,59),{"利用可","両方停止","運転がそろわない","判定不能"},0),"○","停","×","－"),"") -> ○ | N6: =IFERROR(CHOOSE(MATCH(INDEX(時間ごとの判定!$AH$3:$AH$1850,60),{"利用可","両方停止","運転がそろわない","判定不能"},0),"○","停","×","－"),"") -> × | O6: =IFERROR(CHOOSE(MATCH(INDEX(時間ごとの判定!$AH$3:$AH$1850,61),{"利用可","両方停止","運転がそろわない","判定不能"},0),"○","停","×","－"),"") -> ○ | P6: =IFERROR(CHOOSE(MATCH(INDEX(時間ごとの判定!$AH$3:$AH$1850,62),{"利用可","両方停止","運転がそろわない","判定不能"},0),"○","停","×","－"),"") -> ○ | Q6: =IFERROR(CHOOSE(MATCH(INDEX(時間ごとの判定!$AH$3:$AH$1850,63),{"利用可","両方停止","運転がそろわない","判定不能"},0),"○","停","×","－"),"") -> ○ | R6: =IFERROR(CHOOSE(MATCH(INDEX(時間ごとの判定!$AH$3:$AH$1850,64),{"利用可","両方停止","運転がそろわない","判定不能"},0),"○","停","×","－"),"") -> ○ | S6: =IFERROR(CHOOSE(MATCH(INDEX(時間ごとの判定!$AH$3:$AH$1850,65),{"利用可","両方停止","運転がそろわない","判定不能"},0),"○","停","×","－"),"") -> ○ | T6: =IFERROR(CHOOSE(MATCH(INDEX(時間ごとの判定!$AH$3:$AH$1850,66),{"利用可","両方停止","運転がそろわない","判定不能"},0),"○","停","×","－"),"") -> ○ | U6: =IFERROR(CHOOSE(MATCH(INDEX(時間ごとの判定!$AH$3:$AH$1850,67),{"利用可","両方停止","運転がそろわない","判定不能"},0),"○","停","×","－"),"") -> ○ | V6: =IFERROR(CHOOSE(MATCH(INDEX(時間ごとの判定!$AH$3:$AH$1850,68),{"利用可","両方停止","運転がそろわない","判定不能"},0),"○","停","×","－"),"") -> × | W6: =IFERROR(CHOOSE(MATCH(INDEX(時間ごとの判定!$AH$3:$AH$1850,69),{"利用可","両方停止","運転がそろわない","判定不能"},0),"○","停","×","－"),"") -> × | X6: =IFERROR(CHOOSE(MATCH(INDEX(時間ごとの判定!$AH$3:$AH$1850,70),{"利用可","両方停止","運転がそろわない","判定不能"},0),"○","停","×","－"),"") -> 停 | Y6: =IFERROR(CHOOSE(MATCH(INDEX(時間ごとの判定!$AH$3:$AH$1850,71),{"利用可","両方停止","運転がそろわない","判定不能"},0),"○","停","×","－"),"") -> 停 | Z6: =IFERROR(CHOOSE(MATCH(INDEX(時間ごとの判定!$AH$3:$AH$1850,72),{"利用可","両方停止","運転がそろわない","判定不能"},0),"○","停","×","－"),"") -> 停 | AB6: =IFERROR(CHOOSE(MATCH(INDEX(時間ごとの判定!$AK$3:$AK$1850,49),{"利用可","両方停止","運転がそろわない","判定不能"},0),"○","停","×","－"),"") -> 停 | AC6: =IFERROR(CHOOSE(MATCH(INDEX(時間ごとの判定!$AK$3:$AK$1850,50),{"利用可","両方停止","運転がそろわない","判定不能"},0),"○","停","×","－"),"") -> 停 | AD6: =IFERROR(CHOOSE(MATCH(INDEX(時間ごとの判定!$AK$3:$AK$1850,51),{"利用可","両方停止","運転がそろわない","判定不能"},0),"○","停","×","－"),"") -> 停 | AE6: =IFERROR(CHOOSE(MATCH(INDEX(時間ごとの判定!$AK$3:$AK$1850,52),{"利用可","両方停止","運転がそろわない","判定不能"},0),"○","停","×","－"),"") -> 停 | AF6: =IFERROR(CHOOSE(MATCH(INDEX(時間ごとの判定!$AK$3:$AK$1850,53),{"利用可","両方停止","運転がそろわない","判定不能"},0),"○","停","×","－"),"") -> 停 | AG6: =IFERROR(CHOOSE(MATCH(INDEX(時間ごとの判定!$AK$3:$AK$1850,54),{"利用可","両方停止","運転がそろわない","判定不能"},0),"○","停","×","－"),"") -> 停 | AH6: =IFERROR(CHOOSE(MATCH(INDEX(時間ごとの判定!$AK$3:$AK$1850,55),{"利用可","両方停止","運転がそろわない","判定不能"},0),"○","停","×","－"),"") -> 停 | AI6: =IFERROR(CHOOSE(MATCH(INDEX(時間ごとの判定!$AK$3:$AK$1850,56),{"利用可","両方停止","運転がそろわない","判定不能"},0),"○","停","×","－"),"") -> × | AJ6: =IFERROR(CHOOSE(MATCH(INDEX(時間ごとの判定!$AK$3:$AK$1850,57),{"利用可","両方停止","運転がそろわない","判定不能"},0),"○","停","×","－"),"") -> × | AK6: =IFERROR(CHOOSE(MATCH(INDEX(時間ごとの判定!$AK$3:$AK$1850,58),{"利用可","両方停止","運転がそろわない","判定不能"},0),"○","停","×","－"),"") -> ○ | AL6: =IFERROR(CHOOSE(MATCH(INDEX(時間ごとの判定!$AK$3:$AK$1850,59),{"利用可","両方停止","運転がそろわない","判定不能"},0),"○","停","×","－"),"") -> ○ | AM6: =IFERROR(CHOOSE(MATCH(INDEX(時間ごとの判定!$AK$3:$AK$1850,60),{"利用可","両方停止","運転がそろわない","判定不能"},0),"○","停","×","－"),"") -> ○ | AN6: =IFERROR(CHOOSE(MATCH(INDEX(時間ごとの判定!$AK$3:$AK$1850,61),{"利用可","両方停止","運転がそろわない","判定不能"},0),"○","停","×","－"),"") -> ○ | AO6: =IFERROR(CHOOSE(MATCH(INDEX(時間ごとの判定!$AK$3:$AK$1850,62),{"利用可","両方停止","運転がそろわない","判定不能"},0),"○","停","×","－"),"") -> ○ | AP6: =IFERROR(CHOOSE(MATCH(INDEX(時間ごとの判定!$AK$3:$AK$1850,63),{"利用可","両方停止","運転がそろわない","判定不能"},0),"○","停","×","－"),"") -> ○ | AQ6: =IFERROR(CHOOSE(MATCH(INDEX(時間ごとの判定!$AK$3:$AK$1850,64),{"利用可","両方停止","運転がそろわない","判定不能"},0),"○","停","×","－"),"") -> ○ | AR6: =IFERROR(CHOOSE(MATCH(INDEX(時間ごとの判定!$AK$3:$AK$1850,65),{"利用可","両方停止","運転がそろわない","判定不能"},0),"○","停","×","－"),"") -> ○ | AS6: =IFERROR(CHOOSE(MATCH(INDEX(時間ごとの判定!$AK$3:$AK$1850,66),{"利用可","両方停止","運転がそろわない","判定不能"},0),"○","停","×","－"),"") -> ○ | AT6: =IFERROR(CHOOSE(MATCH(INDEX(時間ごとの判定!$AK$3:$AK$1850,67),{"利用可","両方停止","運転がそろわない","判定不能"},0),"○","停","×","－"),"") -> ○ | AU6: =IFERROR(CHOOSE(MATCH(INDEX(時間ごとの判定!$AK$3:$AK$1850,68),{"利用可","両方停止","運転がそろわない","判定不能"},0),"○","停","×","－"),"") -> ○ | AV6: =IFERROR(CHOOSE(MATCH(INDEX(時間ごとの判定!$AK$3:$AK$1850,69),{"利用可","両方停止","運転がそろわない","判定不能"},0),"○","停","×","－"),"") -> × | AW6: =IFERROR(CHOOSE(MATCH(INDEX(時間ごとの判定!$AK$3:$AK$1850,70),{"利用可","両方停止","運転がそろわない","判定不能"},0),"○","停","×","－"),"") -> × | AX6: =IFERROR(CHOOSE(MATCH(INDEX(時間ごとの判定!$AK$3:$AK$1850,71),{"利用可","両方停止","運転がそろわない","判定不能"},0),"○","停","×","－"),"") -> 停 | AY6: =IFERROR(CHOOSE(MATCH(INDEX(時間ごとの判定!$AK$3:$AK$1850,72),{"利用可","両方停止","運転がそろわない","判定不能"},0),"○","停","×","－"),"") -> 停 | BA6: =IFERROR(CHOOSE(MATCH(INDEX(時間ごとの判定!$AN$3:$AN$1850,49),{"利用可","両方停止","運転がそろわない","判定不能"},0),"○","停","×","－"),"") -> × | BB6: =IFERROR(CHOOSE(MATCH(INDEX(時間ごとの判定!$AN$3:$AN$1850,50),{"利用可","両方停止","運転がそろわない","判定不能"},0),"○","停","×","－"),"") -> × | BC6: =IFERROR(CHOOSE(MATCH(INDEX(時間ごとの判定!$AN$3:$AN$1850,51),{"利用可","両方停止","運転がそろわない","判定不能"},0),"○","停","×","－"),"") -> × | BD6: =IFERROR(CHOOSE(MATCH(INDEX(時間ごとの判定!$AN$3:$AN$1850,52),{"利用可","両方停止","運転がそろわない","判定不能"},0),"○","停","×","－"),"") -> × | BE6: =IFERROR(CHOOSE(MATCH(INDEX(時間ごとの判定!$AN$3:$AN$1850,53),{"利用可","両方停止","運転がそろわない","判定不能"},0),"○","停","×","－"),"") -> × | BF6: =IFERROR(CHOOSE(MATCH(INDEX(時間ごとの判定!$AN$3:$AN$1850,54),{"利用可","両方停止","運転がそろわない","判定不能"},0),"○","停","×","－"),"") -> × | BG6: =IFERROR(CHOOSE(MATCH(INDEX(時間ごとの判定!$AN$3:$AN$1850,55),{"利用可","両方停止","運転がそろわない","判定不能"},0),"○","停","×","－"),"") -> × | BH6: =IFERROR(CHOOSE(MATCH(INDEX(時間ごとの判定!$AN$3:$AN$1850,56),{"利用可","両方停止","運転がそろわない","判定不能"},0),"○","停","×","－"),"") -> ○ | BI6: =IFERROR(CHOOSE(MATCH(INDEX(時間ごとの判定!$AN$3:$AN$1850,57),{"利用可","両方停止","運転がそろわない","判定不能"},0),"○","停","×","－"),"") -> ○ | BJ6: =IFERROR(CHOOSE(MATCH(INDEX(時間ごとの判定!$AN$3:$AN$1850,58),{"利用可","両方停止","運転がそろわない","判定不能"},0),"○","停","×","－"),"") -> ○ | BK6: =IFERROR(CHOOSE(MATCH(INDEX(時間ごとの判定!$AN$3:$AN$1850,59),{"利用可","両方停止","運転がそろわない","判定不能"},0),"○","停","×","－"),"") -> ○ | BL6: =IFERROR(CHOOSE(MATCH(INDEX(時間ごとの判定!$AN$3:$AN$1850,60),{"利用可","両方停止","運転がそろわない","判定不能"},0),"○","停","×","－"),"") -> ○ | BM6: =IFERROR(CHOOSE(MATCH(INDEX(時間ごとの判定!$AN$3:$AN$1850,61),{"利用可","両方停止","運転がそろわない","判定不能"},0),"○","停","×","－"),"") -> ○ | BN6: =IFERROR(CHOOSE(MATCH(INDEX(時間ごとの判定!$AN$3:$AN$1850,62),{"利用可","両方停止","運転がそろわない","判定不能"},0),"○","停","×","－"),"") -> ○ | BO6: =IFERROR(CHOOSE(MATCH(INDEX(時間ごとの判定!$AN$3:$AN$1850,63),{"利用可","両方停止","運転がそろわない","判定不能"},0),"○","停","×","－"),"") -> ○ | BP6: =IFERROR(CHOOSE(MATCH(INDEX(時間ごとの判定!$AN$3:$AN$1850,64),{"利用可","両方停止","運転がそろわない","判定不能"},0),"○","停","×","－"),"") -> ○ | BQ6: =IFERROR(CHOOSE(MATCH(INDEX(時間ごとの判定!$AN$3:$AN$1850,65),{"利用可","両方停止","運転がそろわない","判定不能"},0),"○","停","×","－"),"") -> ○ | BR6: =IFERROR(CHOOSE(MATCH(INDEX(時間ごとの判定!$AN$3:$AN$1850,66),{"利用可","両方停止","運転がそろわない","判定不能"},0),"○","停","×","－"),"") -> ○ | BS6: =IFERROR(CHOOSE(MATCH(INDEX(時間ごとの判定!$AN$3:$AN$1850,67),{"利用可","両方停止","運転がそろわない","判定不能"},0),"○","停","×","－"),"") -> × | BT6: =IFERROR(CHOOSE(MATCH(INDEX(時間ごとの判定!$AN$3:$AN$1850,68),{"利用可","両方停止","運転がそろわない","判定不能"},0),"○","停","×","－"),"") -> ○ | BU6: =IFERROR(CHOOSE(MATCH(INDEX(時間ごとの判定!$AN$3:$AN$1850,69),{"利用可","両方停止","運転がそろわない","判定不能"},0),"○","停","×","－"),"") -> × | BV6: =IFERROR(CHOOSE(MATCH(INDEX(時間ごとの判定!$AN$3:$AN$1850,70),{"利用可","両方停止","運転がそろわない","判定不能"},0),"○","停","×","－"),"") -> ○ | BW6: =IFERROR(CHOOSE(MATCH(INDEX(時間ごとの判定!$AN$3:$AN$1850,71),{"利用可","両方停止","運転がそろわない","判定不能"},0),"○","停","×","－"),"") -> × | BX6: =IFERROR(CHOOSE(MATCH(INDEX(時間ごとの判定!$AN$3:$AN$1850,72),{"利用可","両方停止","運転がそろわない","判定不能"},0),"○","停","×","－"),"") -> ×
A7: 46235 | B7: 土 | C7: =IFERROR(CHOOSE(MATCH(INDEX(時間ごとの判定!$AH$3:$AH$1850,73),{"利用可","両方停止","運転がそろわない","判定不能"},0),"○","停","×","－"),"") -> 停 | D7: =IFERROR(CHOOSE(MATCH(INDEX(時間ごとの判定!$AH$3:$AH$1850,74),{"利用可","両方停止","運転がそろわない","判定不能"},0),"○","停","×","－"),"") -> 停 | E7: =IFERROR(CHOOSE(MATCH(INDEX(時間ごとの判定!$AH$3:$AH$1850,75),{"利用可","両方停止","運転がそろわない","判定不能"},0),"○","停","×","－"),"") -> 停 | F7: =IFERROR(CHOOSE(MATCH(INDEX(時間ごとの判定!$AH$3:$AH$1850,76),{"利用可","両方停止","運転がそろわない","判定不能"},0),"○","停","×","－"),"") -> 停 | G7: =IFERROR(CHOOSE(MATCH(INDEX(時間ごとの判定!$AH$3:$AH$1850,77),{"利用可","両方停止","運転がそろわない","判定不能"},0),"○","停","×","－"),"") -> 停 | H7: =IFERROR(CHOOSE(MATCH(INDEX(時間ごとの判定!$AH$3:$AH$1850,78),{"利用可","両方停止","運転がそろわない","判定不能"},0),"○","停","×","－"),"") -> 停 | I7: =IFERROR(CHOOSE(MATCH(INDEX(時間ごとの判定!$AH$3:$AH$1850,79),{"利用可","両方停止","運転がそろわない","判定不能"},0),"○","停","×","－"),"") -> 停 | J7: =IFERROR(CHOOSE(MATCH(INDEX(時間ごとの判定!$AH$3:$AH$1850,80),{"利用可","両方停止","運転がそろわない","判定不能"},0),"○","停","×","－"),"") -> 停 | K7: =IFERROR(CHOOSE(MATCH(INDEX(時間ごとの判定!$AH$3:$AH$1850,81),{"利用可","両方停止","運転がそろわない","判定不能"},0),"○","停","×","－"),"") -> × | L7: =IFERROR(CHOOSE(MATCH(INDEX(時間ごとの判定!$AH$3:$AH$1850,82),{"利用可","両方停止","運転がそろわない","判定不能"},0),"○","停","×","－"),"") -> × | M7: =IFERROR(CHOOSE(MATCH(INDEX(時間ごとの判定!$AH$3:$AH$1850,83),{"利用可","両方停止","運転がそろわない","判定不能"},0),"○","停","×","－"),"") -> × | N7: =IFERROR(CHOOSE(MATCH(INDEX(時間ごとの判定!$AH$3:$AH$1850,84),{"利用可","両方停止","運転がそろわない","判定不能"},0),"○","停","×","－"),"") -> × | O7: =IFERROR(CHOOSE(MATCH(INDEX(時間ごとの判定!$AH$3:$AH$1850,85),{"利用可","両方停止","運転がそろわない","判定不能"},0),"○","停","×","－"),"") -> ○ | P7: =IFERROR(CHOOSE(MATCH(INDEX(時間ごとの判定!$AH$3:$AH$1850,86),{"利用可","両方停止","運転がそろわない","判定不能"},0),"○","停","×","－"),"") -> ○ | Q7: =IFERROR(CHOOSE(MATCH(INDEX(時間ごとの判定!$AH$3:$AH$1850,87),{"利用可","両方停止","運転がそろわない","判定不能"},0),"○","停","×","－"),"") -> ○ | R7: =IFERROR(CHOOSE(MATCH(INDEX(時間ごとの判定!$AH$3:$AH$1850,88),{"利用可","両方停止","運転がそろわない","判定不能"},0),"○","停","×","－"),"") -> ○ | S7: =IFERROR(CHOOSE(MATCH(INDEX(時間ごとの判定!$AH$3:$AH$1850,89),{"利用可","両方停止","運転がそろわない","判定不能"},0),"○","停","×","－"),"") -> ○ | T7: =IFERROR(CHOOSE(MATCH(INDEX(時間ごとの判定!$AH$3:$AH$1850,90),{"利用可","両方停止","運転がそろわない","判定不能"},0),"○","停","×","－"),"") -> ○ | U7: =IFERROR(CHOOSE(MATCH(INDEX(時間ごとの判定!$AH$3:$AH$1850,91),{"利用可","両方停止","運転がそろわない","判定不能"},0),"○","停","×","－"),"") -> × | V7: =IFERROR(CHOOSE(MATCH(INDEX(時間ごとの判定!$AH$3:$AH$1850,92),{"利用可","両方停止","運転がそろわない","判定不能"},0),"○","停","×","－"),"") -> × | W7: =IFERROR(CHOOSE(MATCH(INDEX(時間ごとの判定!$AH$3:$AH$1850,93),{"利用可","両方停止","運転がそろわない","判定不能"},0),"○","停","×","－"),"") -> × | X7: =IFERROR(CHOOSE(MATCH(INDEX(時間ごとの判定!$AH$3:$AH$1850,94),{"利用可","両方停止","運転がそろわない","判定不能"},0),"○","停","×","－"),"") -> 停 | Y7: =IFERROR(CHOOSE(MATCH(INDEX(時間ごとの判定!$AH$3:$AH$1850,95),{"利用可","両方停止","運転がそろわない","判定不能"},0),"○","停","×","－"),"") -> 停 | Z7: =IFERROR(CHOOSE(MATCH(INDEX(時間ごとの判定!$AH$3:$AH$1850,96),{"利用可","両方停止","運転がそろわない","判定不能"},0),"○","停","×","－"),"") -> 停 | AB7: =IFERROR(CHOOSE(MATCH(INDEX(時間ごとの判定!$AK$3:$AK$1850,73),{"利用可","両方停止","運転がそろわない","判定不能"},0),"○","停","×","－"),"") -> 停 | AC7: =IFERROR(CHOOSE(MATCH(INDEX(時間ごとの判定!$AK$3:$AK$1850,74),{"利用可","両方停止","運転がそろわない","判定不能"},0),"○","停","×","－"),"") -> 停 | AD7: =IFERROR(CHOOSE(MATCH(INDEX(時間ごとの判定!$AK$3:$AK$1850,75),{"利用可","両方停止","運転がそろわない","判定不能"},0),"○","停","×","－"),"") -> 停 | AE7: =IFERROR(CHOOSE(MATCH(INDEX(時間ごとの判定!$AK$3:$AK$1850,76),{"利用可","両方停止","運転がそろわない","判定不能"},0),"○","停","×","－"),"") -> 停 | AF7: =IFERROR(CHOOSE(MATCH(INDEX(時間ごとの判定!$AK$3:$AK$1850,77),{"利用可","両方停止","運転がそろわない","判定不能"},0),"○","停","×","－"),"") -> 停 | AG7: =IFERROR(CHOOSE(MATCH(INDEX(時間ごとの判定!$AK$3:$AK$1850,78),{"利用可","両方停止","運転がそろわない","判定不能"},0),"○","停","×","－"),"") -> 停 | AH7: =IFERROR(CHOOSE(MATCH(INDEX(時間ごとの判定!$AK$3:$AK$1850,79),{"利用可","両方停止","運転がそろわない","判定不能"},0),"○","停","×","－"),"") -> 停 | AI7: =IFERROR(CHOOSE(MATCH(INDEX(時間ごとの判定!$AK$3:$AK$1850,80),{"利用可","両方停止","運転がそろわない","判定不能"},0),"○","停","×","－"),"") -> 停 | AJ7: =IFERROR(CHOOSE(MATCH(INDEX(時間ごとの判定!$AK$3:$AK$1850,81),{"利用可","両方停止","運転がそろわない","判定不能"},0),"○","停","×","－"),"") -> × | AK7: =IFERROR(CHOOSE(MATCH(INDEX(時間ごとの判定!$AK$3:$AK$1850,82),{"利用可","両方停止","運転がそろわない","判定不能"},0),"○","停","×","－"),"") -> ○ | AL7: =IFERROR(CHOOSE(MATCH(INDEX(時間ごとの判定!$AK$3:$AK$1850,83),{"利用可","両方停止","運転がそろわない","判定不能"},0),"○","停","×","－"),"") -> ○ | AM7: =IFERROR(CHOOSE(MATCH(INDEX(時間ごとの判定!$AK$3:$AK$1850,84),{"利用可","両方停止","運転がそろわない","判定不能"},0),"○","停","×","－"),"") -> ○ | AN7: =IFERROR(CHOOSE(MATCH(INDEX(時間ごとの判定!$AK$3:$AK$1850,85),{"利用可","両方停止","運転がそろわない","判定不能"},0),"○","停","×","－"),"") -> × | AO7: =IFERROR(CHOOSE(MATCH(INDEX(時間ごとの判定!$AK$3:$AK$1850,86),{"利用可","両方停止","運転がそろわない","判定不能"},0),"○","停","×","－"),"") -> × | AP7: =IFERROR(CHOOSE(MATCH(INDEX(時間ごとの判定!$AK$3:$AK$1850,87),{"利用可","両方停止","運転がそろわない","判定不能"},0),"○","停","×","－"),"") -> ○ | AQ7: =IFERROR(CHOOSE(MATCH(INDEX(時間ごとの判定!$AK$3:$AK$1850,88),{"利用可","両方停止","運転がそろわない","判定不能"},0),"○","停","×","－"),"") -> ○ | AR7: =IFERROR(CHOOSE(MATCH(INDEX(時間ごとの判定!$AK$3:$AK$1850,89),{"利用可","両方停止","運転がそろわない","判定不能"},0),"○","停","×","－"),"") -> ○ | AS7: =IFERROR(CHOOSE(MATCH(INDEX(時間ごとの判定!$AK$3:$AK$1850,90),{"利用可","両方停止","運転がそろわない","判定不能"},0),"○","停","×","－"),"") -> ○ | AT7: =IFERROR(CHOOSE(MATCH(INDEX(時間ごとの判定!$AK$3:$AK$1850,91),{"利用可","両方停止","運転がそろわない","判定不能"},0),"○","停","×","－"),"") -> ○ | AU7: =IFERROR(CHOOSE(MATCH(INDEX(時間ごとの判定!$AK$3:$AK$1850,92),{"利用可","両方停止","運転がそろわない","判定不能"},0),"○","停","×","－"),"") -> ○ | AV7: =IFERROR(CHOOSE(MATCH(INDEX(時間ごとの判定!$AK$3:$AK$1850,93),{"利用可","両方停止","運転がそろわない","判定不能"},0),"○","停","×","－"),"") -> × | AW7: =IFERROR(CHOOSE(MATCH(INDEX(時間ごとの判定!$AK$3:$AK$1850,94),{"利用可","両方停止","運転がそろわない","判定不能"},0),"○","停","×","－"),"") -> × | AX7: =IFERROR(CHOOSE(MATCH(INDEX(時間ごとの判定!$AK$3:$AK$1850,95),{"利用可","両方停止","運転がそろわない","判定不能"},0),"○","停","×","－"),"") -> 停 | AY7: =IFERROR(CHOOSE(MATCH(INDEX(時間ごとの判定!$AK$3:$AK$1850,96),{"利用可","両方停止","運転がそろわない","判定不能"},0),"○","停","×","－"),"") -> 停 | BA7: =IFERROR(CHOOSE(MATCH(INDEX(時間ごとの判定!$AN$3:$AN$1850,73),{"利用可","両方停止","運転がそろわない","判定不能"},0),"○","停","×","－"),"") -> × | BB7: =IFERROR(CHOOSE(MATCH(INDEX(時間ごとの判定!$AN$3:$AN$1850,74),{"利用可","両方停止","運転がそろわない","判定不能"},0),"○","停","×","－"),"") -> × | BC7: =IFERROR(CHOOSE(MATCH(INDEX(時間ごとの判定!$AN$3:$AN$1850,75),{"利用可","両方停止","運転がそろわない","判定不能"},0),"○","停","×","－"),"") -> × | BD7: =IFERROR(CHOOSE(MATCH(INDEX(時間ごとの判定!$AN$3:$AN$1850,76),{"利用可","両方停止","運転がそろわない","判定不能"},0),"○","停","×","－"),"") -> × | BE7: =IFERROR(CHOOSE(MATCH(INDEX(時間ごとの判定!$AN$3:$AN$1850,77),{"利用可","両方停止","運転がそろわない","判定不能"},0),"○","停","×","－"),"") -> × | BF7: =IFERROR(CHOOSE(MATCH(INDEX(時間ごとの判定!$AN$3:$AN$1850,78),{"利用可","両方停止","運転がそろわない","判定不能"},0),"○","停","×","－"),"") -> × | BG7: =IFERROR(CHOOSE(MATCH(INDEX(時間ごとの判定!$AN$3:$AN$1850,79),{"利用可","両方停止","運転がそろわない","判定不能"},0),"○","停","×","－"),"") -> × | BH7: =IFERROR(CHOOSE(MATCH(INDEX(時間ごとの判定!$AN$3:$AN$1850,80),{"利用可","両方停止","運転がそろわない","判定不能"},0),"○","停","×","－"),"") -> × | BI7: =IFERROR(CHOOSE(MATCH(INDEX(時間ごとの判定!$AN$3:$AN$1850,81),{"利用可","両方停止","運転がそろわない","判定不能"},0),"○","停","×","－"),"") -> ○ | BJ7: =IFERROR(CHOOSE(MATCH(INDEX(時間ごとの判定!$AN$3:$AN$1850,82),{"利用可","両方停止","運転がそろわない","判定不能"},0),"○","停","×","－"),"") -> ○ | BK7: =IFERROR(CHOOSE(MATCH(INDEX(時間ごとの判定!$AN$3:$AN$1850,83),{"利用可","両方停止","運転がそろわない","判定不能"},0),"○","停","×","－"),"") -> ○ | BL7: =IFERROR(CHOOSE(MATCH(INDEX(時間ごとの判定!$AN$3:$AN$1850,84),{"利用可","両方停止","運転がそろわない","判定不能"},0),"○","停","×","－"),"") -> ○ | BM7: =IFERROR(CHOOSE(MATCH(INDEX(時間ごとの判定!$AN$3:$AN$1850,85),{"利用可","両方停止","運転がそろわない","判定不能"},0),"○","停","×","－"),"") -> × | BN7: =IFERROR(CHOOSE(MATCH(INDEX(時間ごとの判定!$AN$3:$AN$1850,86),{"利用可","両方停止","運転がそろわない","判定不能"},0),"○","停","×","－"),"") -> × | BO7: =IFERROR(CHOOSE(MATCH(INDEX(時間ごとの判定!$AN$3:$AN$1850,87),{"利用可","両方停止","運転がそろわない","判定不能"},0),"○","停","×","－"),"") -> ○ | BP7: =IFERROR(CHOOSE(MATCH(INDEX(時間ごとの判定!$AN$3:$AN$1850,88),{"利用可","両方停止","運転がそろわない","判定不能"},0),"○","停","×","－"),"") -> ○ | BQ7: =IFERROR(CHOOSE(MATCH(INDEX(時間ごとの判定!$AN$3:$AN$1850,89),{"利用可","両方停止","運転がそろわない","判定不能"},0),"○","停","×","－"),"") -> ○ | BR7: =IFERROR(CHOOSE(MATCH(INDEX(時間ごとの判定!$AN$3:$AN$1850,90),{"利用可","両方停止","運転がそろわない","判定不能"},0),"○","停","×","－"),"") -> ○ | BS7: =IFERROR(CHOOSE(MATCH(INDEX(時間ごとの判定!$AN$3:$AN$1850,91),{"利用可","両方停止","運転がそろわない","判定不能"},0),"○","停","×","－"),"") -> ○ | BT7: =IFERROR(CHOOSE(MATCH(INDEX(時間ごとの判定!$AN$3:$AN$1850,92),{"利用可","両方停止","運転がそろわない","判定不能"},0),"○","停","×","－"),"") -> ○ | BU7: =IFERROR(CHOOSE(MATCH(INDEX(時間ごとの判定!$AN$3:$AN$1850,93),{"利用可","両方停止","運転がそろわない","判定不能"},0),"○","停","×","－"),"") -> × | BV7: =IFERROR(CHOOSE(MATCH(INDEX(時間ごとの判定!$AN$3:$AN$1850,94),{"利用可","両方停止","運転がそろわない","判定不能"},0),"○","停","×","－"),"") -> × | BW7: =IFERROR(CHOOSE(MATCH(INDEX(時間ごとの判定!$AN$3:$AN$1850,95),{"利用可","両方停止","運転がそろわない","判定不能"},0),"○","停","×","－"),"") -> × | BX7: =IFERROR(CHOOSE(MATCH(INDEX(時間ごとの判定!$AN$3:$AN$1850,96),{"利用可","両方停止","運転がそろわない","判定不能"},0),"○","停","×","－"),"") -> ×
A8: 46236 | B8: 日 | C8: =IFERROR(CHOOSE(MATCH(INDEX(時間ごとの判定!$AH$3:$AH$1850,97),{"利用可","両方停止","運転がそろわない","判定不能"},0),"○","停","×","－"),"") -> 停 | D8: =IFERROR(CHOOSE(MATCH(INDEX(時間ごとの判定!$AH$3:$AH$1850,98),{"利用可","両方停止","運転がそろわない","判定不能"},0),"○","停","×","－"),"") -> 停 | E8: =IFERROR(CHOOSE(MATCH(INDEX(時間ごとの判定!$AH$3:$AH$1850,99),{"利用可","両方停止","運転がそろわない","判定不能"},0),"○","停","×","－"),"") -> 停 | F8: =IFERROR(CHOOSE(MATCH(INDEX(時間ごとの判定!$AH$3:$AH$1850,100),{"利用可","両方停止","運転がそろわない","判定不能"},0),"○","停","×","－"),"") -> 停 | G8: =IFERROR(CHOOSE(MATCH(INDEX(時間ごとの判定!$AH$3:$AH$1850,101),{"利用可","両方停止","運転がそろわない","判定不能"},0),"○","停","×","－"),"") -> 停 | H8: =IFERROR(CHOOSE(MATCH(INDEX(時間ごとの判定!$AH$3:$AH$1850,102),{"利用可","両方停止","運転がそろわない","判定不能"},0),"○","停","×","－"),"") -> 停 | I8: =IFERROR(CHOOSE(MATCH(INDEX(時間ごとの判定!$AH$3:$AH$1850,103),{"利用可","両方停止","運転がそろわない","判定不能"},0),"○","停","×","－"),"") -> 停 | J8: =IFERROR(CHOOSE(MATCH(INDEX(時間ごとの判定!$AH$3:$AH$1850,104),{"利用可","両方停止","運転がそろわない","判定不能"},0),"○","停","×","－"),"") -> × | K8: =IFERROR(CHOOSE(MATCH(INDEX(時間ごとの判定!$AH$3:$AH$1850,105),{"利用可","両方停止","運転がそろわない","判定不能"},0),"○","停","×","－"),"") -> ○ | L8: =IFERROR(CHOOSE(MATCH(INDEX(時間ごとの判定!$AH$3:$AH$1850,106),{"利用可","両方停止","運転がそろわない","判定不能"},0),"○","停","×","－"),"") -> ○ | M8: =IFERROR(CHOOSE(MATCH(INDEX(時間ごとの判定!$AH$3:$AH$1850,107),{"利用可","両方停止","運転がそろわない","判定不能"},0),"○","停","×","－"),"") -> ○ | N8: =IFERROR(CHOOSE(MATCH(INDEX(時間ごとの判定!$AH$3:$AH$1850,108),{"利用可","両方停止","運転がそろわない","判定不能"},0),"○","停","×","－"),"") -> ○ | O8: =IFERROR(CHOOSE(MATCH(INDEX(時間ごとの判定!$AH$3:$AH$1850,109),{"利用可","両方停止","運転がそろわない","判定不能"},0),"○","停","×","－"),"") -> ○ | P8: =IFERROR(CHOOSE(MATCH(INDEX(時間ごとの判定!$AH$3:$AH$1850,110),{"利用可","両方停止","運転がそろわない","判定不能"},0),"○","停","×","－"),"") -> ○ | Q8: =IFERROR(CHOOSE(MATCH(INDEX(時間ごとの判定!$AH$3:$AH$1850,111),{"利用可","両方停止","運転がそろわない","判定不能"},0),"○","停","×","－"),"") -> ○ | R8: =IFERROR(CHOOSE(MATCH(INDEX(時間ごとの判定!$AH$3:$AH$1850,112),{"利用可","両方停止","運転がそろわない","判定不能"},0),"○","停","×","－"),"") -> ○ | S8: =IFERROR(CHOOSE(MATCH(INDEX(時間ごとの判定!$AH$3:$AH$1850,113),{"利用可","両方停止","運転がそろわない","判定不能"},0),"○","停","×","－"),"") -> ○ | T8: =IFERROR(CHOOSE(MATCH(INDEX(時間ごとの判定!$AH$3:$AH$1850,114),{"利用可","両方停止","運転がそろわない","判定不能"},0),"○","停","×","－"),"") -> ○ | U8: =IFERROR(CHOOSE(MATCH(INDEX(時間ごとの判定!$AH$3:$AH$1850,115),{"利用可","両方停止","運転がそろわない","判定不能"},0),"○","停","×","－"),"") -> × | V8: =IFERROR(CHOOSE(MATCH(INDEX(時間ごとの判定!$AH$3:$AH$1850,116),{"利用可","両方停止","運転がそろわない","判定不能"},0),"○","停","×","－"),"") -> × | W8: =IFERROR(CHOOSE(MATCH(INDEX(時間ごとの判定!$AH$3:$AH$1850,117),{"利用可","両方停止","運転がそろわない","判定不能"},0),"○","停","×","－"),"") -> × | X8: =IFERROR(CHOOSE(MATCH(INDEX(時間ごとの判定!$AH$3:$AH$1850,118),{"利用可","両方停止","運転がそろわない","判定不能"},0),"○","停","×","－"),"") -> 停 | Y8: =IFERROR(CHOOSE(MATCH(INDEX(時間ごとの判定!$AH$3:$AH$1850,119),{"利用可","両方停止","運転がそろわない","判定不能"},0),"○","停","×","－"),"") -> 停 | Z8: =IFERROR(CHOOSE(MATCH(INDEX(時間ごとの判定!$AH$3:$AH$1850,120),{"利用可","両方停止","運転がそろわない","判定不能"},0),"○","停","×","－"),"") -> 停 | AB8: =IFERROR(CHOOSE(MATCH(INDEX(時間ごとの判定!$AK$3:$AK$1850,97),{"利用可","両方停止","運転がそろわない","判定不能"},0),"○","停","×","－"),"") -> 停 | AC8: =IFERROR(CHOOSE(MATCH(INDEX(時間ごとの判定!$AK$3:$AK$1850,98),{"利用可","両方停止","運転がそろわない","判定不能"},0),"○","停","×","－"),"") -> 停 | AD8: =IFERROR(CHOOSE(MATCH(INDEX(時間ごとの判定!$AK$3:$AK$1850,99),{"利用可","両方停止","運転がそろわない","判定不能"},0),"○","停","×","－"),"") -> 停 | AE8: =IFERROR(CHOOSE(MATCH(INDEX(時間ごとの判定!$AK$3:$AK$1850,100),{"利用可","両方停止","運転がそろわない","判定不能"},0),"○","停","×","－"),"") -> 停 | AF8: =IFERROR(CHOOSE(MATCH(INDEX(時間ごとの判定!$AK$3:$AK$1850,101),{"利用可","両方停止","運転がそろわない","判定不能"},0),"○","停","×","－"),"") -> 停 | AG8: =IFERROR(CHOOSE(MATCH(INDEX(時間ごとの判定!$AK$3:$AK$1850,102),{"利用可","両方停止","運転がそろわない","判定不能"},0),"○","停","×","－"),"") -> 停 | AH8: =IFERROR(CHOOSE(MATCH(INDEX(時間ごとの判定!$AK$3:$AK$1850,103),{"利用可","両方停止","運転がそろわない","判定不能"},0),"○","停","×","－"),"") -> 停 | AI8: =IFERROR(CHOOSE(MATCH(INDEX(時間ごとの判定!$AK$3:$AK$1850,104),{"利用可","両方停止","運転がそろわない","判定不能"},0),"○","停","×","－"),"") -> 停 | AJ8: =IFERROR(CHOOSE(MATCH(INDEX(時間ごとの判定!$AK$3:$AK$1850,105),{"利用可","両方停止","運転がそろわない","判定不能"},0),"○","停","×","－"),"") -> ○ | AK8: =IFERROR(CHOOSE(MATCH(INDEX(時間ごとの判定!$AK$3:$AK$1850,106),{"利用可","両方停止","運転がそろわない","判定不能"},0),"○","停","×","－"),"") -> ○ | AL8: =IFERROR(CHOOSE(MATCH(INDEX(時間ごとの判定!$AK$3:$AK$1850,107),{"利用可","両方停止","運転がそろわない","判定不能"},0),"○","停","×","－"),"") -> × | AM8: =IFERROR(CHOOSE(MATCH(INDEX(時間ごとの判定!$AK$3:$AK$1850,108),{"利用可","両方停止","運転がそろわない","判定不能"},0),"○","停","×","－"),"") -> ○ | AN8: =IFERROR(CHOOSE(MATCH(INDEX(時間ごとの判定!$AK$3:$AK$1850,109),{"利用可","両方停止","運転がそろわない","判定不能"},0),"○","停","×","－"),"") -> ○ | AO8: =IFERROR(CHOOSE(MATCH(INDEX(時間ごとの判定!$AK$3:$AK$1850,110),{"利用可","両方停止","運転がそろわない","判定不能"},0),"○","停","×","－"),"") -> × | AP8: =IFERROR(CHOOSE(MATCH(INDEX(時間ごとの判定!$AK$3:$AK$1850,111),{"利用可","両方停止","運転がそろわない","判定不能"},0),"○","停","×","－"),"") -> × | AQ8: =IFERROR(CHOOSE(MATCH(INDEX(時間ごとの判定!$AK$3:$AK$1850,112),{"利用可","両方停止","運転がそろわない","判定不能"},0),"○","停","×","－"),"") -> × | AR8: =IFERROR(CHOOSE(MATCH(INDEX(時間ごとの判定!$AK$3:$AK$1850,113),{"利用可","両方停止","運転がそろわない","判定不能"},0),"○","停","×","－"),"") -> × | AS8: =IFERROR(CHOOSE(MATCH(INDEX(時間ごとの判定!$AK$3:$AK$1850,114),{"利用可","両方停止","運転がそろわない","判定不能"},0),"○","停","×","－"),"") -> × | AT8: =IFERROR(CHOOSE(MATCH(INDEX(時間ごとの判定!$AK$3:$AK$1850,115),{"利用可","両方停止","運転がそろわない","判定不能"},0),"○","停","×","－"),"") -> × | AU8: =IFERROR(CHOOSE(MATCH(INDEX(時間ごとの判定!$AK$3:$AK$1850,116),{"利用可","両方停止","運転がそろわない","判定不能"},0),"○","停","×","－"),"") -> × | AV8: =IFERROR(CHOOSE(MATCH(INDEX(時間ごとの判定!$AK$3:$AK$1850,117),{"利用可","両方停止","運転がそろわない","判定不能"},0),"○","停","×","－"),"") -> × | AW8: =IFERROR(CHOOSE(MATCH(INDEX(時間ごとの判定!$AK$3:$AK$1850,118),{"利用可","両方停止","運転がそろわない","判定不能"},0),"○","停","×","－"),"") -> 停 | AX8: =IFERROR(CHOOSE(MATCH(INDEX(時間ごとの判定!$AK$3:$AK$1850,119),{"利用可","両方停止","運転がそろわない","判定不能"},0),"○","停","×","－"),"") -> 停 | AY8: =IFERROR(CHOOSE(MATCH(INDEX(時間ごとの判定!$AK$3:$AK$1850,120),{"利用可","両方停止","運転がそろわない","判定不能"},0),"○","停","×","－"),"") -> 停 | BA8: =IFERROR(CHOOSE(MATCH(INDEX(時間ごとの判定!$AN$3:$AN$1850,97),{"利用可","両方停止","運転がそろわない","判定不能"},0),"○","停","×","－"),"") -> × | BB8: =IFERROR(CHOOSE(MATCH(INDEX(時間ごとの判定!$AN$3:$AN$1850,98),{"利用可","両方停止","運転がそろわない","判定不能"},0),"○","停","×","－"),"") -> × | BC8: =IFERROR(CHOOSE(MATCH(INDEX(時間ごとの判定!$AN$3:$AN$1850,99),{"利用可","両方停止","運転がそろわない","判定不能"},0),"○","停","×","－"),"") -> × | BD8: =IFERROR(CHOOSE(MATCH(INDEX(時間ごとの判定!$AN$3:$AN$1850,100),{"利用可","両方停止","運転がそろわない","判定不能"},0),"○","停","×","－"),"") -> × | BE8: =IFERROR(CHOOSE(MATCH(INDEX(時間ごとの判定!$AN$3:$AN$1850,101),{"利用可","両方停止","運転がそろわない","判定不能"},0),"○","停","×","－"),"") -> × | BF8: =IFERROR(CHOOSE(MATCH(INDEX(時間ごとの判定!$AN$3:$AN$1850,102),{"利用可","両方停止","運転がそろわない","判定不能"},0),"○","停","×","－"),"") -> × | BG8: =IFERROR(CHOOSE(MATCH(INDEX(時間ごとの判定!$AN$3:$AN$1850,103),{"利用可","両方停止","運転がそろわない","判定不能"},0),"○","停","×","－"),"") -> × | BH8: =IFERROR(CHOOSE(MATCH(INDEX(時間ごとの判定!$AN$3:$AN$1850,104),{"利用可","両方停止","運転がそろわない","判定不能"},0),"○","停","×","－"),"") -> × | BI8: =IFERROR(CHOOSE(MATCH(INDEX(時間ごとの判定!$AN$3:$AN$1850,105),{"利用可","両方停止","運転がそろわない","判定不能"},0),"○","停","×","－"),"") -> ○ | BJ8: =IFERROR(CHOOSE(MATCH(INDEX(時間ごとの判定!$AN$3:$AN$1850,106),{"利用可","両方停止","運転がそろわない","判定不能"},0),"○","停","×","－"),"") -> × | BK8: =IFERROR(CHOOSE(MATCH(INDEX(時間ごとの判定!$AN$3:$AN$1850,107),{"利用可","両方停止","運転がそろわない","判定不能"},0),"○","停","×","－"),"") -> × | BL8: =IFERROR(CHOOSE(MATCH(INDEX(時間ごとの判定!$AN$3:$AN$1850,108),{"利用可","両方停止","運転がそろわない","判定不能"},0),"○","停","×","－"),"") -> × | BM8: =IFERROR(CHOOSE(MATCH(INDEX(時間ごとの判定!$AN$3:$AN$1850,109),{"利用可","両方停止","運転がそろわない","判定不能"},0),"○","停","×","－"),"") -> × | BN8: =IFERROR(CHOOSE(MATCH(INDEX(時間ごとの判定!$AN$3:$AN$1850,110),{"利用可","両方停止","運転がそろわない","判定不能"},0),"○","停","×","－"),"") -> × | BO8: =IFERROR(CHOOSE(MATCH(INDEX(時間ごとの判定!$AN$3:$AN$1850,111),{"利用可","両方停止","運転がそろわない","判定不能"},0),"○","停","×","－"),"") -> × | BP8: =IFERROR(CHOOSE(MATCH(INDEX(時間ごとの判定!$AN$3:$AN$1850,112),{"利用可","両方停止","運転がそろわない","判定不能"},0),"○","停","×","－"),"") -> × | BQ8: =IFERROR(CHOOSE(MATCH(INDEX(時間ごとの判定!$AN$3:$AN$1850,113),{"利用可","両方停止","運転がそろわない","判定不能"},0),"○","停","×","－"),"") -> × | BR8: =IFERROR(CHOOSE(MATCH(INDEX(時間ごとの判定!$AN$3:$AN$1850,114),{"利用可","両方停止","運転がそろわない","判定不能"},0),"○","停","×","－"),"") -> × | BS8: =IFERROR(CHOOSE(MATCH(INDEX(時間ごとの判定!$AN$3:$AN$1850,115),{"利用可","両方停止","運転がそろわない","判定不能"},0),"○","停","×","－"),"") -> × | BT8: =IFERROR(CHOOSE(MATCH(INDEX(時間ごとの判定!$AN$3:$AN$1850,116),{"利用可","両方停止","運転がそろわない","判定不能"},0),"○","停","×","－"),"") -> × | BU8: =IFERROR(CHOOSE(MATCH(INDEX(時間ごとの判定!$AN$3:$AN$1850,117),{"利用可","両方停止","運転がそろわない","判定不能"},0),"○","停","×","－"),"") -> × | BV8: =IFERROR(CHOOSE(MATCH(INDEX(時間ごとの判定!$AN$3:$AN$1850,118),{"利用可","両方停止","運転がそろわない","判定不能"},0),"○","停","×","－"),"") -> × | BW8: =IFERROR(CHOOSE(MATCH(INDEX(時間ごとの判定!$AN$3:$AN$1850,119),{"利用可","両方停止","運転がそろわない","判定不能"},0),"○","停","×","－"),"") -> × | BX8: =IFERROR(CHOOSE(MATCH(INDEX(時間ごとの判定!$AN$3:$AN$1850,120),{"利用可","両方停止","運転がそろわない","判定不能"},0),"○","停","×","－"),"") -> ×
A9: 46237 | B9: 月 | C9: =IFERROR(CHOOSE(MATCH(INDEX(時間ごとの判定!$AH$3:$AH$1850,121),{"利用可","両方停止","運転がそろわない","判定不能"},0),"○","停","×","－"),"") -> 停 | D9: =IFERROR(CHOOSE(MATCH(INDEX(時間ごとの判定!$AH$3:$AH$1850,122),{"利用可","両方停止","運転がそろわない","判定不能"},0),"○","停","×","－"),"") -> 停 | E9: =IFERROR(CHOOSE(MATCH(INDEX(時間ごとの判定!$AH$3:$AH$1850,123),{"利用可","両方停止","運転がそろわない","判定不能"},0),"○","停","×","－"),"") -> 停 | F9: =IFERROR(CHOOSE(MATCH(INDEX(時間ごとの判定!$AH$3:$AH$1850,124),{"利用可","両方停止","運転がそろわない","判定不能"},0),"○","停","×","－"),"") -> 停 | G9: =IFERROR(CHOOSE(MATCH(INDEX(時間ごとの判定!$AH$3:$AH$1850,125),{"利用可","両方停止","運転がそろわない","判定不能"},0),"○","停","×","－"),"") -> 停 | H9: =IFERROR(CHOOSE(MATCH(INDEX(時間ごとの判定!$AH$3:$AH$1850,126),{"利用可","両方停止","運転がそろわない","判定不能"},0),"○","停","×","－"),"") -> 停 | I9: =IFERROR(CHOOSE(MATCH(INDEX(時間ごとの判定!$AH$3:$AH$1850,127),{"利用可","両方停止","運転がそろわない","判定不能"},0),"○","停","×","－"),"") -> 停 | J9: =IFERROR(CHOOSE(MATCH(INDEX(時間ごとの判定!$AH$3:$AH$1850,128),{"利用可","両方停止","運転がそろわない","判定不能"},0),"○","停","×","－"),"") -> × | K9: =IFERROR(CHOOSE(MATCH(INDEX(時間ごとの判定!$AH$3:$AH$1850,129),{"利用可","両方停止","運転がそろわない","判定不能"},0),"○","停","×","－"),"") -> ○ | L9: =IFERROR(CHOOSE(MATCH(INDEX(時間ごとの判定!$AH$3:$AH$1850,130),{"利用可","両方停止","運転がそろわない","判定不能"},0),"○","停","×","－"),"") -> ○ | M9: =IFERROR(CHOOSE(MATCH(INDEX(時間ごとの判定!$AH$3:$AH$1850,131),{"利用可","両方停止","運転がそろわない","判定不能"},0),"○","停","×","－"),"") -> ○ | N9: =IFERROR(CHOOSE(MATCH(INDEX(時間ごとの判定!$AH$3:$AH$1850,132),{"利用可","両方停止","運転がそろわない","判定不能"},0),"○","停","×","－"),"") -> ○ | O9: =IFERROR(CHOOSE(MATCH(INDEX(時間ごとの判定!$AH$3:$AH$1850,133),{"利用可","両方停止","運転がそろわない","判定不能"},0),"○","停","×","－"),"") -> ○ | P9: =IFERROR(CHOOSE(MATCH(INDEX(時間ごとの判定!$AH$3:$AH$1850,134),{"利用可","両方停止","運転がそろわない","判定不能"},0),"○","停","×","－"),"") -> ○ | Q9: =IFERROR(CHOOSE(MATCH(INDEX(時間ごとの判定!$AH$3:$AH$1850,135),{"利用可","両方停止","運転がそろわない","判定不能"},0),"○","停","×","－"),"") -> ○ | R9: =IFERROR(CHOOSE(MATCH(INDEX(時間ごとの判定!$AH$3:$AH$1850,136),{"利用可","両方停止","運転がそろわない","判定不能"},0),"○","停","×","－"),"") -> ○ | S9: =IFERROR(CHOOSE(MATCH(INDEX(時間ごとの判定!$AH$3:$AH$1850,137),{"利用可","両方停止","運転がそろわない","判定不能"},0),"○","停","×","－"),"") -> ○ | T9: =IFERROR(CHOOSE(MATCH(INDEX(時間ごとの判定!$AH$3:$AH$1850,138),{"利用可","両方停止","運転がそろわない","判定不能"},0),"○","停","×","－"),"") -> ○ | U9: =IFERROR(CHOOSE(MATCH(INDEX(時間ごとの判定!$AH$3:$AH$1850,139),{"利用可","両方停止","運転がそろわない","判定不能"},0),"○","停","×","－"),"") -> × | V9: =IFERROR(CHOOSE(MATCH(INDEX(時間ごとの判定!$AH$3:$AH$1850,140),{"利用可","両方停止","運転がそろわない","判定不能"},0),"○","停","×","－"),"") -> × | W9: =IFERROR(CHOOSE(MATCH(INDEX(時間ごとの判定!$AH$3:$AH$1850,141),{"利用可","両方停止","運転がそろわない","判定不能"},0),"○","停","×","－"),"") -> × | X9: =IFERROR(CHOOSE(MATCH(INDEX(時間ごとの判定!$AH$3:$AH$1850,142),{"利用可","両方停止","運転がそろわない","判定不能"},0),"○","停","×","－"),"") -> × | Y9: =IFERROR(CHOOSE(MATCH(INDEX(時間ごとの判定!$AH$3:$AH$1850,143),{"利用可","両方停止","運転がそろわない","判定不能"},0),"○","停","×","－"),"") -> 停 | Z9: =IFERROR(CHOOSE(MATCH(INDEX(時間ごとの判定!$AH$3:$AH$1850,144),{"利用可","両方停止","運転がそろわない","判定不能"},0),"○","停","×","－"),"") -> 停 | AB9: =IFERROR(CHOOSE(MATCH(INDEX(時間ごとの判定!$AK$3:$AK$1850,121),{"利用可","両方停止","運転がそろわない","判定不能"},0),"○","停","×","－"),"") -> 停 | AC9: =IFERROR(CHOOSE(MATCH(INDEX(時間ごとの判定!$AK$3:$AK$1850,122),{"利用可","両方停止","運転がそろわない","判定不能"},0),"○","停","×","－"),"") -> 停 | AD9: =IFERROR(CHOOSE(MATCH(INDEX(時間ごとの判定!$AK$3:$AK$1850,123),{"利用可","両方停止","運転がそろわない","判定不能"},0),"○","停","×","－"),"") -> 停 | AE9: =IFERROR(CHOOSE(MATCH(INDEX(時間ごとの判定!$AK$3:$AK$1850,124),{"利用可","両方停止","運転がそろわない","判定不能"},0),"○","停","×","－"),"") -> 停 | AF9: =IFERROR(CHOOSE(MATCH(INDEX(時間ごとの判定!$AK$3:$AK$1850,125),{"利用可","両方停止","運転がそろわない","判定不能"},0),"○","停","×","－"),"") -> 停 | AG9: =IFERROR(CHOOSE(MATCH(INDEX(時間ごとの判定!$AK$3:$AK$1850,126),{"利用可","両方停止","運転がそろわない","判定不能"},0),"○","停","×","－"),"") -> 停 | AH9: =IFERROR(CHOOSE(MATCH(INDEX(時間ごとの判定!$AK$3:$AK$1850,127),{"利用可","両方停止","運転がそろわない","判定不能"},0),"○","停","×","－"),"") -> 停 | AI9: =IFERROR(CHOOSE(MATCH(INDEX(時間ごとの判定!$AK$3:$AK$1850,128),{"利用可","両方停止","運転がそろわない","判定不能"},0),"○","停","×","－"),"") -> × | AJ9: =IFERROR(CHOOSE(MATCH(INDEX(時間ごとの判定!$AK$3:$AK$1850,129),{"利用可","両方停止","運転がそろわない","判定不能"},0),"○","停","×","－"),"") -> ○ | AK9: =IFERROR(CHOOSE(MATCH(INDEX(時間ごとの判定!$AK$3:$AK$1850,130),{"利用可","両方停止","運転がそろわない","判定不能"},0),"○","停","×","－"),"") -> ○ | AL9: =IFERROR(CHOOSE(MATCH(INDEX(時間ごとの判定!$AK$3:$AK$1850,131),{"利用可","両方停止","運転がそろわない","判定不能"},0),"○","停","×","－"),"") -> ○ | AM9: =IFERROR(CHOOSE(MATCH(INDEX(時間ごとの判定!$AK$3:$AK$1850,132),{"利用可","両方停止","運転がそろわない","判定不能"},0),"○","停","×","－"),"") -> ○ | AN9: =IFERROR(CHOOSE(MATCH(INDEX(時間ごとの判定!$AK$3:$AK$1850,133),{"利用可","両方停止","運転がそろわない","判定不能"},0),"○","停","×","－"),"") -> ○ | AO9: =IFERROR(CHOOSE(MATCH(INDEX(時間ごとの判定!$AK$3:$AK$1850,134),{"利用可","両方停止","運転がそろわない","判定不能"},0),"○","停","×","－"),"") -> ○ | AP9: =IFERROR(CHOOSE(MATCH(INDEX(時間ごとの判定!$AK$3:$AK$1850,135),{"利用可","両方停止","運転がそろわない","判定不能"},0),"○","停","×","－"),"") -> ○ | AQ9: =IFERROR(CHOOSE(MATCH(INDEX(時間ごとの判定!$AK$3:$AK$1850,136),{"利用可","両方停止","運転がそろわない","判定不能"},0),"○","停","×","－"),"") -> ○ | AR9: =IFERROR(CHOOSE(MATCH(INDEX(時間ごとの判定!$AK$3:$AK$1850,137),{"利用可","両方停止","運転がそろわない","判定不能"},0),"○","停","×","－"),"") -> ○ | AS9: =IFERROR(CHOOSE(MATCH(INDEX(時間ごとの判定!$AK$3:$AK$1850,138),{"利用可","両方停止","運転がそろわない","判定不能"},0),"○","停","×","－"),"") -> ○ | AT9: =IFERROR(CHOOSE(MATCH(INDEX(時間ごとの判定!$AK$3:$AK$1850,139),{"利用可","両方停止","運転がそろわない","判定不能"},0),"○","停","×","－"),"") -> × | AU9: =IFERROR(CHOOSE(MATCH(INDEX(時間ごとの判定!$AK$3:$AK$1850,140),{"利用可","両方停止","運転がそろわない","判定不能"},0),"○","停","×","－"),"") -> × | AV9: =IFERROR(CHOOSE(MATCH(INDEX(時間ごとの判定!$AK$3:$AK$1850,141),{"利用可","両方停止","運転がそろわない","判定不能"},0),"○","停","×","－"),"") -> × | AW9: =IFERROR(CHOOSE(MATCH(INDEX(時間ごとの判定!$AK$3:$AK$1850,142),{"利用可","両方停止","運転がそろわない","判定不能"},0),"○","停","×","－"),"") -> 停 | AX9: =IFERROR(CHOOSE(MATCH(INDEX(時間ごとの判定!$AK$3:$AK$1850,143),{"利用可","両方停止","運転がそろわない","判定不能"},0),"○","停","×","－"),"") -> 停 | AY9: =IFERROR(CHOOSE(MATCH(INDEX(時間ごとの判定!$AK$3:$AK$1850,144),{"利用可","両方停止","運転がそろわない","判定不能"},0),"○","停","×","－"),"") -> 停 | BA9: =IFERROR(CHOOSE(MATCH(INDEX(時間ごとの判定!$AN$3:$AN$1850,121),{"利用可","両方停止","運転がそろわない","判定不能"},0),"○","停","×","－"),"") -> × | BB9: =IFERROR(CHOOSE(MATCH(INDEX(時間ごとの判定!$AN$3:$AN$1850,122),{"利用可","両方停止","運転がそろわない","判定不能"},0),"○","停","×","－"),"") -> × | BC9: =IFERROR(CHOOSE(MATCH(INDEX(時間ごとの判定!$AN$3:$AN$1850,123),{"利用可","両方停止","運転がそろわない","判定不能"},0),"○","停","×","－"),"") -> × | BD9: =IFERROR(CHOOSE(MATCH(INDEX(時間ごとの判定!$AN$3:$AN$1850,124),{"利用可","両方停止","運転がそろわない","判定不能"},0),"○","停","×","－"),"") -> × | BE9: =IFERROR(CHOOSE(MATCH(INDEX(時間ごとの判定!$AN$3:$AN$1850,125),{"利用可","両方停止","運転がそろわない","判定不能"},0),"○","停","×","－"),"") -> × | BF9: =IFERROR(CHOOSE(MATCH(INDEX(時間ごとの判定!$AN$3:$AN$1850,126),{"利用可","両方停止","運転がそろわない","判定不能"},0),"○","停","×","－"),"") -> × | BG9: =IFERROR(CHOOSE(MATCH(INDEX(時間ごとの判定!$AN$3:$AN$1850,127),{"利用可","両方停止","運転がそろわない","判定不能"},0),"○","停","×","－"),"") -> ○ | BH9: =IFERROR(CHOOSE(MATCH(INDEX(時間ごとの判定!$AN$3:$AN$1850,128),{"利用可","両方停止","運転がそろわない","判定不能"},0),"○","停","×","－"),"") -> ○ | BI9: =IFERROR(CHOOSE(MATCH(INDEX(時間ごとの判定!$AN$3:$AN$1850,129),{"利用可","両方停止","運転がそろわない","判定不能"},0),"○","停","×","－"),"") -> ○ | BJ9: =IFERROR(CHOOSE(MATCH(INDEX(時間ごとの判定!$AN$3:$AN$1850,130),{"利用可","両方停止","運転がそろわない","判定不能"},0),"○","停","×","－"),"") -> ○ | BK9: =IFERROR(CHOOSE(MATCH(INDEX(時間ごとの判定!$AN$3:$AN$1850,131),{"利用可","両方停止","運転がそろわない","判定不能"},0),"○","停","×","－"),"") -> ○ | BL9: =IFERROR(CHOOSE(MATCH(INDEX(時間ごとの判定!$AN$3:$AN$1850,132),{"利用可","両方停止","運転がそろわない","判定不能"},0),"○","停","×","－"),"") -> ○ | BM9: =IFERROR(CHOOSE(MATCH(INDEX(時間ごとの判定!$AN$3:$AN$1850,133),{"利用可","両方停止","運転がそろわない","判定不能"},0),"○","停","×","－"),"") -> ○ | BN9: =IFERROR(CHOOSE(MATCH(INDEX(時間ごとの判定!$AN$3:$AN$1850,134),{"利用可","両方停止","運転がそろわない","判定不能"},0),"○","停","×","－"),"") -> ○ | BO9: =IFERROR(CHOOSE(MATCH(INDEX(時間ごとの判定!$AN$3:$AN$1850,135),{"利用可","両方停止","運転がそろわない","判定不能"},0),"○","停","×","－"),"") -> ○ | BP9: =IFERROR(CHOOSE(MATCH(INDEX(時間ごとの判定!$AN$3:$AN$1850,136),{"利用可","両方停止","運転がそろわない","判定不能"},0),"○","停","×","－"),"") -> ○ | BQ9: =IFERROR(CHOOSE(MATCH(INDEX(時間ごとの判定!$AN$3:$AN$1850,137),{"利用可","両方停止","運転がそろわない","判定不能"},0),"○","停","×","－"),"") -> ○ | BR9: =IFERROR(CHOOSE(MATCH(INDEX(時間ごとの判定!$AN$3:$AN$1850,138),{"利用可","両方停止","運転がそろわない","判定不能"},0),"○","停","×","－"),"") -> ○ | BS9: =IFERROR(CHOOSE(MATCH(INDEX(時間ごとの判定!$AN$3:$AN$1850,139),{"利用可","両方停止","運転がそろわない","判定不能"},0),"○","停","×","－"),"") -> × | BT9: =IFERROR(CHOOSE(MATCH(INDEX(時間ごとの判定!$AN$3:$AN$1850,140),{"利用可","両方停止","運転がそろわない","判定不能"},0),"○","停","×","－"),"") -> × | BU9: =IFERROR(CHOOSE(MATCH(INDEX(時間ごとの判定!$AN$3:$AN$1850,141),{"利用可","両方停止","運転がそろわない","判定不能"},0),"○","停","×","－"),"") -> × | BV9: =IFERROR(CHOOSE(MATCH(INDEX(時間ごとの判定!$AN$3:$AN$1850,142),{"利用可","両方停止","運転がそろわない","判定不能"},0),"○","停","×","－"),"") -> × | BW9: =IFERROR(CHOOSE(MATCH(INDEX(時間ごとの判定!$AN$3:$AN$1850,143),{"利用可","両方停止","運転がそろわない","判定不能"},0),"○","停","×","－"),"") -> × | BX9: =IFERROR(CHOOSE(MATCH(INDEX(時間ごとの判定!$AN$3:$AN$1850,144),{"利用可","両方停止","運転がそろわない","判定不能"},0),"○","停","×","－"),"") -> ×
A10: 46238 | B10: 火 | C10: =IFERROR(CHOOSE(MATCH(INDEX(時間ごとの判定!$AH$3:$AH$1850,145),{"利用可","両方停止","運転がそろわない","判定不能"},0),"○","停","×","－"),"") -> 停 | D10: =IFERROR(CHOOSE(MATCH(INDEX(時間ごとの判定!$AH$3:$AH$1850,146),{"利用可","両方停止","運転がそろわない","判定不能"},0),"○","停","×","－"),"") -> 停 | E10: =IFERROR(CHOOSE(MATCH(INDEX(時間ごとの判定!$AH$3:$AH$1850,147),{"利用可","両方停止","運転がそろわない","判定不能"},0),"○","停","×","－"),"") -> 停 | F10: =IFERROR(CHOOSE(MATCH(INDEX(時間ごとの判定!$AH$3:$AH$1850,148),{"利用可","両方停止","運転がそろわない","判定不能"},0),"○","停","×","－"),"") -> 停 | G10: =IFERROR(CHOOSE(MATCH(INDEX(時間ごとの判定!$AH$3:$AH$1850,149),{"利用可","両方停止","運転がそろわない","判定不能"},0),"○","停","×","－"),"") -> 停 | H10: =IFERROR(CHOOSE(MATCH(INDEX(時間ごとの判定!$AH$3:$AH$1850,150),{"利用可","両方停止","運転がそろわない","判定不能"},0),"○","停","×","－"),"") -> 停 | I10: =IFERROR(CHOOSE(MATCH(INDEX(時間ごとの判定!$AH$3:$AH$1850,151),{"利用可","両方停止","運転がそろわない","判定不能"},0),"○","停","×","－"),"") -> × | J10: =IFERROR(CHOOSE(MATCH(INDEX(時間ごとの判定!$AH$3:$AH$1850,152),{"利用可","両方停止","運転がそろわない","判定不能"},0),"○","停","×","－"),"") -> × | K10: =IFERROR(CHOOSE(MATCH(INDEX(時間ごとの判定!$AH$3:$AH$1850,153),{"利用可","両方停止","運転がそろわない","判定不能"},0),"○","停","×","－"),"") -> × | L10: =IFERROR(CHOOSE(MATCH(INDEX(時間ごとの判定!$AH$3:$AH$1850,154),{"利用可","両方停止","運転がそろわない","判定不能"},0),"○","停","×","－"),"") -> ○ | M10: =IFERROR(CHOOSE(MATCH(INDEX(時間ごとの判定!$AH$3:$AH$1850,155),{"利用可","両方停止","運転がそろわない","判定不能"},0),"○","停","×","－"),"") -> ○ | N10: =IFERROR(CHOOSE(MATCH(INDEX(時間ごとの判定!$AH$3:$AH$1850,156),{"利用可","両方停止","運転がそろわない","判定不能"},0),"○","停","×","－"),"") -> ○ | O10: =IFERROR(CHOOSE(MATCH(INDEX(時間ごとの判定!$AH$3:$AH$1850,157),{"利用可","両方停止","運転がそろわない","判定不能"},0),"○","停","×","－"),"") -> ○ | P10: =IFERROR(CHOOSE(MATCH(INDEX(時間ごとの判定!$AH$3:$AH$1850,158),{"利用可","両方停止","運転がそろわない","判定不能"},0),"○","停","×","－"),"") -> ○ | Q10: =IFERROR(CHOOSE(MATCH(INDEX(時間ごとの判定!$AH$3:$AH$1850,159),{"利用可","両方停止","運転がそろわない","判定不能"},0),"○","停","×","－"),"") -> ○ | R10: =IFERROR(CHOOSE(MATCH(INDEX(時間ごとの判定!$AH$3:$AH$1850,160),{"利用可","両方停止","運転がそろわない","判定不能"},0),"○","停","×","－"),"") -> ○ | S10: =IFERROR(CHOOSE(MATCH(INDEX(時間ごとの判定!$AH$3:$AH$1850,161),{"利用可","両方停止","運転がそろわない","判定不能"},0),"○","停","×","－"),"") -> ○ | T10: =IFERROR(CHOOSE(MATCH(INDEX(時間ごとの判定!$AH$3:$AH$1850,162),{"利用可","両方停止","運転がそろわない","判定不能"},0),"○","停","×","－"),"") -> ○ | U10: =IFERROR(CHOOSE(MATCH(INDEX(時間ごとの判定!$AH$3:$AH$1850,163),{"利用可","両方停止","運転がそろわない","判定不能"},0),"○","停","×","－"),"") -> × | V10: =IFERROR(CHOOSE(MATCH(INDEX(時間ごとの判定!$AH$3:$AH$1850,164),{"利用可","両方停止","運転がそろわない","判定不能"},0),"○","停","×","－"),"") -> × | W10: =IFERROR(CHOOSE(MATCH(INDEX(時間ごとの判定!$AH$3:$AH$1850,165),{"利用可","両方停止","運転がそろわない","判定不能"},0),"○","停","×","－"),"") -> × | X10: =IFERROR(CHOOSE(MATCH(INDEX(時間ごとの判定!$AH$3:$AH$1850,166),{"利用可","両方停止","運転がそろわない","判定不能"},0),"○","停","×","－"),"") -> × | Y10: =IFERROR(CHOOSE(MATCH(INDEX(時間ごとの判定!$AH$3:$AH$1850,167),{"利用可","両方停止","運転がそろわない","判定不能"},0),"○","停","×","－"),"") -> 停 | Z10: =IFERROR(CHOOSE(MATCH(INDEX(時間ごとの判定!$AH$3:$AH$1850,168),{"利用可","両方停止","運転がそろわない","判定不能"},0),"○","停","×","－"),"") -> 停 | AB10: =IFERROR(CHOOSE(MATCH(INDEX(時間ごとの判定!$AK$3:$AK$1850,145),{"利用可","両方停止","運転がそろわない","判定不能"},0),"○","停","×","－"),"") -> 停 | AC10: =IFERROR(CHOOSE(MATCH(INDEX(時間ごとの判定!$AK$3:$AK$1850,146),{"利用可","両方停止","運転がそろわない","判定不能"},0),"○","停","×","－"),"") -> 停 | AD10: =IFERROR(CHOOSE(MATCH(INDEX(時間ごとの判定!$AK$3:$AK$1850,147),{"利用可","両方停止","運転がそろわない","判定不能"},0),"○","停","×","－"),"") -> 停 | AE10: =IFERROR(CHOOSE(MATCH(INDEX(時間ごとの判定!$AK$3:$AK$1850,148),{"利用可","両方停止","運転がそろわない","判定不能"},0),"○","停","×","－"),"") -> 停 | AF10: =IFERROR(CHOOSE(MATCH(INDEX(時間ごとの判定!$AK$3:$AK$1850,149),{"利用可","両方停止","運転がそろわない","判定不能"},0),"○","停","×","－"),"") -> 停 | AG10: =IFERROR(CHOOSE(MATCH(INDEX(時間ごとの判定!$AK$3:$AK$1850,150),{"利用可","両方停止","運転がそろわない","判定不能"},0),"○","停","×","－"),"") -> 停 | AH10: =IFERROR(CHOOSE(MATCH(INDEX(時間ごとの判定!$AK$3:$AK$1850,151),{"利用可","両方停止","運転がそろわない","判定不能"},0),"○","停","×","－"),"") -> 停 | AI10: =IFERROR(CHOOSE(MATCH(INDEX(時間ごとの判定!$AK$3:$AK$1850,152),{"利用可","両方停止","運転がそろわない","判定不能"},0),"○","停","×","－"),"") -> × | AJ10: =IFERROR(CHOOSE(MATCH(INDEX(時間ごとの判定!$AK$3:$AK$1850,153),{"利用可","両方停止","運転がそろわない","判定不能"},0),"○","停","×","－"),"") -> × | AK10: =IFERROR(CHOOSE(MATCH(INDEX(時間ごとの判定!$AK$3:$AK$1850,154),{"利用可","両方停止","運転がそろわない","判定不能"},0),"○","停","×","－"),"") -> ○ | AL10: =IFERROR(CHOOSE(MATCH(INDEX(時間ごとの判定!$AK$3:$AK$1850,155),{"利用可","両方停止","運転がそろわない","判定不能"},0),"○","停","×","－"),"") -> ○ | AM10: =IFERROR(CHOOSE(MATCH(INDEX(時間ごとの判定!$AK$3:$AK$1850,156),{"利用可","両方停止","運転がそろわない","判定不能"},0),"○","停","×","－"),"") -> ○ | AN10: =IFERROR(CHOOSE(MATCH(INDEX(時間ごとの判定!$AK$3:$AK$1850,157),{"利用可","両方停止","運転がそろわない","判定不能"},0),"○","停","×","－"),"") -> ○ | AO10: =IFERROR(CHOOSE(MATCH(INDEX(時間ごとの判定!$AK$3:$AK$1850,158),{"利用可","両方停止","運転がそろわない","判定不能"},0),"○","停","×","－"),"") -> ○ | AP10: =IFERROR(CHOOSE(MATCH(INDEX(時間ごとの判定!$AK$3:$AK$1850,159),{"利用可","両方停止","運転がそろわない","判定不能"},0),"○","停","×","－"),"") -> ○ | AQ10: =IFERROR(CHOOSE(MATCH(INDEX(時間ごとの判定!$AK$3:$AK$1850,160),{"利用可","両方停止","運転がそろわない","判定不能"},0),"○","停","×","－"),"") -> ○ | AR10: =IFERROR(CHOOSE(MATCH(INDEX(時間ごとの判定!$AK$3:$AK$1850,161),{"利用可","両方停止","運転がそろわない","判定不能"},0),"○","停","×","－"),"") -> ○ | AS10: =IFERROR(CHOOSE(MATCH(INDEX(時間ごとの判定!$AK$3:$AK$1850,162),{"利用可","両方停止","運転がそろわない","判定不能"},0),"○","停","×","－"),"") -> ○ | AT10: =IFERROR(CHOOSE(MATCH(INDEX(時間ごとの判定!$AK$3:$AK$1850,163),{"利用可","両方停止","運転がそろわない","判定不能"},0),"○","停","×","－"),"") -> × | AU10: =IFERROR(CHOOSE(MATCH(INDEX(時間ごとの判定!$AK$3:$AK$1850,164),{"利用可","両方停止","運転がそろわない","判定不能"},0),"○","停","×","－"),"") -> × | AV10: =IFERROR(CHOOSE(MATCH(INDEX(時間ごとの判定!$AK$3:$AK$1850,165),{"利用可","両方停止","運転がそろわない","判定不能"},0),"○","停","×","－"),"") -> × | AW10: =IFERROR(CHOOSE(MATCH(INDEX(時間ごとの判定!$AK$3:$AK$1850,166),{"利用可","両方停止","運転がそろわない","判定不能"},0),"○","停","×","－"),"") -> 停 | AX10: =IFERROR(CHOOSE(MATCH(INDEX(時間ごとの判定!$AK$3:$AK$1850,167),{"利用可","両方停止","運転がそろわない","判定不能"},0),"○","停","×","－"),"") -> 停 | AY10: =IFERROR(CHOOSE(MATCH(INDEX(時間ごとの判定!$AK$3:$AK$1850,168),{"利用可","両方停止","運転がそろわない","判定不能"},0),"○","停","×","－"),"") -> 停 | BA10: =IFERROR(CHOOSE(MATCH(INDEX(時間ごとの判定!$AN$3:$AN$1850,145),{"利用可","両方停止","運転がそろわない","判定不能"},0),"○","停","×","－"),"") -> × | BB10: =IFERROR(CHOOSE(MATCH(INDEX(時間ごとの判定!$AN$3:$AN$1850,146),{"利用可","両方停止","運転がそろわない","判定不能"},0),"○","停","×","－"),"") -> × | BC10: =IFERROR(CHOOSE(MATCH(INDEX(時間ごとの判定!$AN$3:$AN$1850,147),{"利用可","両方停止","運転がそろわない","判定不能"},0),"○","停","×","－"),"") -> × | BD10: =IFERROR(CHOOSE(MATCH(INDEX(時間ごとの判定!$AN$3:$AN$1850,148),{"利用可","両方停止","運転がそろわない","判定不能"},0),"○","停","×","－"),"") -> × | BE10: =IFERROR(CHOOSE(MATCH(INDEX(時間ごとの判定!$AN$3:$AN$1850,149),{"利用可","両方停止","運転がそろわない","判定不能"},0),"○","停","×","－"),"") -> × | BF10: =IFERROR(CHOOSE(MATCH(INDEX(時間ごとの判定!$AN$3:$AN$1850,150),{"利用可","両方停止","運転がそろわない","判定不能"},0),"○","停","×","－"),"") -> × | BG10: =IFERROR(CHOOSE(MATCH(INDEX(時間ごとの判定!$AN$3:$AN$1850,151),{"利用可","両方停止","運転がそろわない","判定不能"},0),"○","停","×","－"),"") -> × | BH10: =IFERROR(CHOOSE(MATCH(INDEX(時間ごとの判定!$AN$3:$AN$1850,152),{"利用可","両方停止","運転がそろわない","判定不能"},0),"○","停","×","－"),"") -> ○ | BI10: =IFERROR(CHOOSE(MATCH(INDEX(時間ごとの判定!$AN$3:$AN$1850,153),{"利用可","両方停止","運転がそろわない","判定不能"},0),"○","停","×","－"),"") -> ○ | BJ10: =IFERROR(CHOOSE(MATCH(INDEX(時間ごとの判定!$AN$3:$AN$1850,154),{"利用可","両方停止","運転がそろわない","判定不能"},0),"○","停","×","－"),"") -> ○ | BK10: =IFERROR(CHOOSE(MATCH(INDEX(時間ごとの判定!$AN$3:$AN$1850,155),{"利用可","両方停止","運転がそろわない","判定不能"},0),"○","停","×","－"),"") -> ○ | BL10: =IFERROR(CHOOSE(MATCH(INDEX(時間ごとの判定!$AN$3:$AN$1850,156),{"利用可","両方停止","運転がそろわない","判定不能"},0),"○","停","×","－"),"") -> ○ | BM10: =IFERROR(CHOOSE(MATCH(INDEX(時間ごとの判定!$AN$3:$AN$1850,157),{"利用可","両方停止","運転がそろわない","判定不能"},0),"○","停","×","－"),"") -> ○ | BN10: =IFERROR(CHOOSE(MATCH(INDEX(時間ごとの判定!$AN$3:$AN$1850,158),{"利用可","両方停止","運転がそろわない","判定不能"},0),"○","停","×","－"),"") -> ○ | BO10: =IFERROR(CHOOSE(MATCH(INDEX(時間ごとの判定!$AN$3:$AN$1850,159),{"利用可","両方停止","運転がそろわない","判定不能"},0),"○","停","×","－"),"") -> ○ | BP10: =IFERROR(CHOOSE(MATCH(INDEX(時間ごとの判定!$AN$3:$AN$1850,160),{"利用可","両方停止","運転がそろわない","判定不能"},0),"○","停","×","－"),"") -> ○ | BQ10: =IFERROR(CHOOSE(MATCH(INDEX(時間ごとの判定!$AN$3:$AN$1850,161),{"利用可","両方停止","運転がそろわない","判定不能"},0),"○","停","×","－"),"") -> ○ | BR10: =IFERROR(CHOOSE(MATCH(INDEX(時間ごとの判定!$AN$3:$AN$1850,162),{"利用可","両方停止","運転がそろわない","判定不能"},0),"○","停","×","－"),"") -> ○ | BS10: =IFERROR(CHOOSE(MATCH(INDEX(時間ごとの判定!$AN$3:$AN$1850,163),{"利用可","両方停止","運転がそろわない","判定不能"},0),"○","停","×","－"),"") -> × | BT10: =IFERROR(CHOOSE(MATCH(INDEX(時間ごとの判定!$AN$3:$AN$1850,164),{"利用可","両方停止","運転がそろわない","判定不能"},0),"○","停","×","－"),"") -> ○ | BU10: =IFERROR(CHOOSE(MATCH(INDEX(時間ごとの判定!$AN$3:$AN$1850,165),{"利用可","両方停止","運転がそろわない","判定不能"},0),"○","停","×","－"),"") -> × | BV10: =IFERROR(CHOOSE(MATCH(INDEX(時間ごとの判定!$AN$3:$AN$1850,166),{"利用可","両方停止","運転がそろわない","判定不能"},0),"○","停","×","－"),"") -> × | BW10: =IFERROR(CHOOSE(MATCH(INDEX(時間ごとの判定!$AN$3:$AN$1850,167),{"利用可","両方停止","運転がそろわない","判定不能"},0),"○","停","×","－"),"") -> × | BX10: =IFERROR(CHOOSE(MATCH(INDEX(時間ごとの判定!$AN$3:$AN$1850,168),{"利用可","両方停止","運転がそろわない","判定不能"},0),"○","停","×","－"),"") -> ×
A11: 46239 | B11: 水 | C11: =IFERROR(CHOOSE(MATCH(INDEX(時間ごとの判定!$AH$3:$AH$1850,169),{"利用可","両方停止","運転がそろわない","判定不能"},0),"○","停","×","－"),"") -> 停 | D11: =IFERROR(CHOOSE(MATCH(INDEX(時間ごとの判定!$AH$3:$AH$1850,170),{"利用可","両方停止","運転がそろわない","判定不能"},0),"○","停","×","－"),"") -> 停 | E11: =IFERROR(CHOOSE(MATCH(INDEX(時間ごとの判定!$AH$3:$AH$1850,171),{"利用可","両方停止","運転がそろわない","判定不能"},0),"○","停","×","－"),"") -> 停 | F11: =IFERROR(CHOOSE(MATCH(INDEX(時間ごとの判定!$AH$3:$AH$1850,172),{"利用可","両方停止","運転がそろわない","判定不能"},0),"○","停","×","－"),"") -> 停 | G11: =IFERROR(CHOOSE(MATCH(INDEX(時間ごとの判定!$AH$3:$AH$1850,173),{"利用可","両方停止","運転がそろわない","判定不能"},0),"○","停","×","－"),"") -> 停 | H11: =IFERROR(CHOOSE(MATCH(INDEX(時間ごとの判定!$AH$3:$AH$1850,174),{"利用可","両方停止","運転がそろわない","判定不能"},0),"○","停","×","－"),"") -> 停 | I11: =IFERROR(CHOOSE(MATCH(INDEX(時間ごとの判定!$AH$3:$AH$1850,175),{"利用可","両方停止","運転がそろわない","判定不能"},0),"○","停","×","－"),"") -> 停 | J11: =IFERROR(CHOOSE(MATCH(INDEX(時間ごとの判定!$AH$3:$AH$1850,176),{"利用可","両方停止","運転がそろわない","判定不能"},0),"○","停","×","－"),"") -> × | K11: =IFERROR(CHOOSE(MATCH(INDEX(時間ごとの判定!$AH$3:$AH$1850,177),{"利用可","両方停止","運転がそろわない","判定不能"},0),"○","停","×","－"),"") -> × | L11: =IFERROR(CHOOSE(MATCH(INDEX(時間ごとの判定!$AH$3:$AH$1850,178),{"利用可","両方停止","運転がそろわない","判定不能"},0),"○","停","×","－"),"") -> ○ | M11: =IFERROR(CHOOSE(MATCH(INDEX(時間ごとの判定!$AH$3:$AH$1850,179),{"利用可","両方停止","運転がそろわない","判定不能"},0),"○","停","×","－"),"") -> ○ | N11: =IFERROR(CHOOSE(MATCH(INDEX(時間ごとの判定!$AH$3:$AH$1850,180),{"利用可","両方停止","運転がそろわない","判定不能"},0),"○","停","×","－"),"") -> ○ | O11: =IFERROR(CHOOSE(MATCH(INDEX(時間ごとの判定!$AH$3:$AH$1850,181),{"利用可","両方停止","運転がそろわない","判定不能"},0),"○","停","×","－"),"") -> ○ | P11: =IFERROR(CHOOSE(MATCH(INDEX(時間ごとの判定!$AH$3:$AH$1850,182),{"利用可","両方停止","運転がそろわない","判定不能"},0),"○","停","×","－"),"") -> ○ | Q11: =IFERROR(CHOOSE(MATCH(INDEX(時間ごとの判定!$AH$3:$AH$1850,183),{"利用可","両方停止","運転がそろわない","判定不能"},0),"○","停","×","－"),"") -> ○ | R11: =IFERROR(CHOOSE(MATCH(INDEX(時間ごとの判定!$AH$3:$AH$1850,184),{"利用可","両方停止","運転がそろわない","判定不能"},0),"○","停","×","－"),"") -> ○ | S11: =IFERROR(CHOOSE(MATCH(INDEX(時間ごとの判定!$AH$3:$AH$1850,185),{"利用可","両方停止","運転がそろわない","判定不能"},0),"○","停","×","－"),"") -> ○ | T11: =IFERROR(CHOOSE(MATCH(INDEX(時間ごとの判定!$AH$3:$AH$1850,186),{"利用可","両方停止","運転がそろわない","判定不能"},0),"○","停","×","－"),"") -> ○ | U11: =IFERROR(CHOOSE(MATCH(INDEX(時間ごとの判定!$AH$3:$AH$1850,187),{"利用可","両方停止","運転がそろわない","判定不能"},0),"○","停","×","－"),"") -> × | V11: =IFERROR(CHOOSE(MATCH(INDEX(時間ごとの判定!$AH$3:$AH$1850,188),{"利用可","両方停止","運転がそろわない","判定不能"},0),"○","停","×","－"),"") -> × | W11: =IFERROR(CHOOSE(MATCH(INDEX(時間ごとの判定!$AH$3:$AH$1850,189),{"利用可","両方停止","運転がそろわない","判定不能"},0),"○","停","×","－"),"") -> × | X11: =IFERROR(CHOOSE(MATCH(INDEX(時間ごとの判定!$AH$3:$AH$1850,190),{"利用可","両方停止","運転がそろわない","判定不能"},0),"○","停","×","－"),"") -> × | Y11: =IFERROR(CHOOSE(MATCH(INDEX(時間ごとの判定!$AH$3:$AH$1850,191),{"利用可","両方停止","運転がそろわない","判定不能"},0),"○","停","×","－"),"") -> × | Z11: =IFERROR(CHOOSE(MATCH(INDEX(時間ごとの判定!$AH$3:$AH$1850,192),{"利用可","両方停止","運転がそろわない","判定不能"},0),"○","停","×","－"),"") -> 停 | AB11: =IFERROR(CHOOSE(MATCH(INDEX(時間ごとの判定!$AK$3:$AK$1850,169),{"利用可","両方停止","運転がそろわない","判定不能"},0),"○","停","×","－"),"") -> 停 | AC11: =IFERROR(CHOOSE(MATCH(INDEX(時間ごとの判定!$AK$3:$AK$1850,170),{"利用可","両方停止","運転がそろわない","判定不能"},0),"○","停","×","－"),"") -> 停 | AD11: =IFERROR(CHOOSE(MATCH(INDEX(時間ごとの判定!$AK$3:$AK$1850,171),{"利用可","両方停止","運転がそろわない","判定不能"},0),"○","停","×","－"),"") -> 停 | AE11: =IFERROR(CHOOSE(MATCH(INDEX(時間ごとの判定!$AK$3:$AK$1850,172),{"利用可","両方停止","運転がそろわない","判定不能"},0),"○","停","×","－"),"") -> 停 | AF11: =IFERROR(CHOOSE(MATCH(INDEX(時間ごとの判定!$AK$3:$AK$1850,173),{"利用可","両方停止","運転がそろわない","判定不能"},0),"○","停","×","－"),"") -> 停 | AG11: =IFERROR(CHOOSE(MATCH(INDEX(時間ごとの判定!$AK$3:$AK$1850,174),{"利用可","両方停止","運転がそろわない","判定不能"},0),"○","停","×","－"),"") -> 停 | AH11: =IFERROR(CHOOSE(MATCH(INDEX(時間ごとの判定!$AK$3:$AK$1850,175),{"利用可","両方停止","運転がそろわない","判定不能"},0),"○","停","×","－"),"") -> 停 | AI11: =IFERROR(CHOOSE(MATCH(INDEX(時間ごとの判定!$AK$3:$AK$1850,176),{"利用可","両方停止","運転がそろわない","判定不能"},0),"○","停","×","－"),"") -> 停 | AJ11: =IFERROR(CHOOSE(MATCH(INDEX(時間ごとの判定!$AK$3:$AK$1850,177),{"利用可","両方停止","運転がそろわない","判定不能"},0),"○","停","×","－"),"") -> × | AK11: =IFERROR(CHOOSE(MATCH(INDEX(時間ごとの判定!$AK$3:$AK$1850,178),{"利用可","両方停止","運転がそろわない","判定不能"},0),"○","停","×","－"),"") -> ○ | AL11: =IFERROR(CHOOSE(MATCH(INDEX(時間ごとの判定!$AK$3:$AK$1850,179),{"利用可","両方停止","運転がそろわない","判定不能"},0),"○","停","×","－"),"") -> ○ | AM11: =IFERROR(CHOOSE(MATCH(INDEX(時間ごとの判定!$AK$3:$AK$1850,180),{"利用可","両方停止","運転がそろわない","判定不能"},0),"○","停","×","－"),"") -> ○ | AN11: =IFERROR(CHOOSE(MATCH(INDEX(時間ごとの判定!$AK$3:$AK$1850,181),{"利用可","両方停止","運転がそろわない","判定不能"},0),"○","停","×","－"),"") -> ○ | AO11: =IFERROR(CHOOSE(MATCH(INDEX(時間ごとの判定!$AK$3:$AK$1850,182),{"利用可","両方停止","運転がそろわない","判定不能"},0),"○","停","×","－"),"") -> ○ | AP11: =IFERROR(CHOOSE(MATCH(INDEX(時間ごとの判定!$AK$3:$AK$1850,183),{"利用可","両方停止","運転がそろわない","判定不能"},0),"○","停","×","－"),"") -> ○ | AQ11: =IFERROR(CHOOSE(MATCH(INDEX(時間ごとの判定!$AK$3:$AK$1850,184),{"利用可","両方停止","運転がそろわない","判定不能"},0),"○","停","×","－"),"") -> ○ | AR11: =IFERROR(CHOOSE(MATCH(INDEX(時間ごとの判定!$AK$3:$AK$1850,185),{"利用可","両方停止","運転がそろわない","判定不能"},0),"○","停","×","－"),"") -> ○ | AS11: =IFERROR(CHOOSE(MATCH(INDEX(時間ごとの判定!$AK$3:$AK$1850,186),{"利用可","両方停止","運転がそろわない","判定不能"},0),"○","停","×","－"),"") -> ○ | AT11: =IFERROR(CHOOSE(MATCH(INDEX(時間ごとの判定!$AK$3:$AK$1850,187),{"利用可","両方停止","運転がそろわない","判定不能"},0),"○","停","×","－"),"") -> × | AU11: =IFERROR(CHOOSE(MATCH(INDEX(時間ごとの判定!$AK$3:$AK$1850,188),{"利用可","両方停止","運転がそろわない","判定不能"},0),"○","停","×","－"),"") -> ○ | AV11: =IFERROR(CHOOSE(MATCH(INDEX(時間ごとの判定!$AK$3:$AK$1850,189),{"利用可","両方停止","運転がそろわない","判定不能"},0),"○","停","×","－"),"") -> × | AW11: =IFERROR(CHOOSE(MATCH(INDEX(時間ごとの判定!$AK$3:$AK$1850,190),{"利用可","両方停止","運転がそろわない","判定不能"},0),"○","停","×","－"),"") -> × | AX11: =IFERROR(CHOOSE(MATCH(INDEX(時間ごとの判定!$AK$3:$AK$1850,191),{"利用可","両方停止","運転がそろわない","判定不能"},0),"○","停","×","－"),"") -> × | AY11: =IFERROR(CHOOSE(MATCH(INDEX(時間ごとの判定!$AK$3:$AK$1850,192),{"利用可","両方停止","運転がそろわない","判定不能"},0),"○","停","×","－"),"") -> × | BA11: =IFERROR(CHOOSE(MATCH(INDEX(時間ごとの判定!$AN$3:$AN$1850,169),{"利用可","両方停止","運転がそろわない","判定不能"},0),"○","停","×","－"),"") -> × | BB11: =IFERROR(CHOOSE(MATCH(INDEX(時間ごとの判定!$AN$3:$AN$1850,170),{"利用可","両方停止","運転がそろわない","判定不能"},0),"○","停","×","－"),"") -> × | BC11: =IFERROR(CHOOSE(MATCH(INDEX(時間ごとの判定!$AN$3:$AN$1850,171),{"利用可","両方停止","運転がそろわない","判定不能"},0),"○","停","×","－"),"") -> × | BD11: =IFERROR(CHOOSE(MATCH(INDEX(時間ごとの判定!$AN$3:$AN$1850,172),{"利用可","両方停止","運転がそろわない","判定不能"},0),"○","停","×","－"),"") -> × | BE11: =IFERROR(CHOOSE(MATCH(INDEX(時間ごとの判定!$AN$3:$AN$1850,173),{"利用可","両方停止","運転がそろわない","判定不能"},0),"○","停","×","－"),"") -> × | BF11: =IFERROR(CHOOSE(MATCH(INDEX(時間ごとの判定!$AN$3:$AN$1850,174),{"利用可","両方停止","運転がそろわない","判定不能"},0),"○","停","×","－"),"") -> × | BG11: =IFERROR(CHOOSE(MATCH(INDEX(時間ごとの判定!$AN$3:$AN$1850,175),{"利用可","両方停止","運転がそろわない","判定不能"},0),"○","停","×","－"),"") -> × | BH11: =IFERROR(CHOOSE(MATCH(INDEX(時間ごとの判定!$AN$3:$AN$1850,176),{"利用可","両方停止","運転がそろわない","判定不能"},0),"○","停","×","－"),"") -> × | BI11: =IFERROR(CHOOSE(MATCH(INDEX(時間ごとの判定!$AN$3:$AN$1850,177),{"利用可","両方停止","運転がそろわない","判定不能"},0),"○","停","×","－"),"") -> ○ | BJ11: =IFERROR(CHOOSE(MATCH(INDEX(時間ごとの判定!$AN$3:$AN$1850,178),{"利用可","両方停止","運転がそろわない","判定不能"},0),"○","停","×","－"),"") -> ○ | BK11: =IFERROR(CHOOSE(MATCH(INDEX(時間ごとの判定!$AN$3:$AN$1850,179),{"利用可","両方停止","運転がそろわない","判定不能"},0),"○","停","×","－"),"") -> ○ | BL11: =IFERROR(CHOOSE(MATCH(INDEX(時間ごとの判定!$AN$3:$AN$1850,180),{"利用可","両方停止","運転がそろわない","判定不能"},0),"○","停","×","－"),"") -> ○ | BM11: =IFERROR(CHOOSE(MATCH(INDEX(時間ごとの判定!$AN$3:$AN$1850,181),{"利用可","両方停止","運転がそろわない","判定不能"},0),"○","停","×","－"),"") -> ○ | BN11: =IFERROR(CHOOSE(MATCH(INDEX(時間ごとの判定!$AN$3:$AN$1850,182),{"利用可","両方停止","運転がそろわない","判定不能"},0),"○","停","×","－"),"") -> ○ | BO11: =IFERROR(CHOOSE(MATCH(INDEX(時間ごとの判定!$AN$3:$AN$1850,183),{"利用可","両方停止","運転がそろわない","判定不能"},0),"○","停","×","－"),"") -> ○ | BP11: =IFERROR(CHOOSE(MATCH(INDEX(時間ごとの判定!$AN$3:$AN$1850,184),{"利用可","両方停止","運転がそろわない","判定不能"},0),"○","停","×","－"),"") -> ○ | BQ11: =IFERROR(CHOOSE(MATCH(INDEX(時間ごとの判定!$AN$3:$AN$1850,185),{"利用可","両方停止","運転がそろわない","判定不能"},0),"○","停","×","－"),"") -> ○ | BR11: =IFERROR(CHOOSE(MATCH(INDEX(時間ごとの判定!$AN$3:$AN$1850,186),{"利用可","両方停止","運転がそろわない","判定不能"},0),"○","停","×","－"),"") -> ○ | BS11: =IFERROR(CHOOSE(MATCH(INDEX(時間ごとの判定!$AN$3:$AN$1850,187),{"利用可","両方停止","運転がそろわない","判定不能"},0),"○","停","×","－"),"") -> ○ | BT11: =IFERROR(CHOOSE(MATCH(INDEX(時間ごとの判定!$AN$3:$AN$1850,188),{"利用可","両方停止","運転がそろわない","判定不能"},0),"○","停","×","－"),"") -> ○ | BU11: =IFERROR(CHOOSE(MATCH(INDEX(時間ごとの判定!$AN$3:$AN$1850,189),{"利用可","両方停止","運転がそろわない","判定不能"},0),"○","停","×","－"),"") -> ○ | BV11: =IFERROR(CHOOSE(MATCH(INDEX(時間ごとの判定!$AN$3:$AN$1850,190),{"利用可","両方停止","運転がそろわない","判定不能"},0),"○","停","×","－"),"") -> ○ | BW11: =IFERROR(CHOOSE(MATCH(INDEX(時間ごとの判定!$AN$3:$AN$1850,191),{"利用可","両方停止","運転がそろわない","判定不能"},0),"○","停","×","－"),"") -> × | BX11: =IFERROR(CHOOSE(MATCH(INDEX(時間ごとの判定!$AN$3:$AN$1850,192),{"利用可","両方停止","運転がそろわない","判定不能"},0),"○","停","×","－"),"") -> ○
